n,optimum,defect_budget,solver_b_time,solver_c_time,speedup,status,zero_defect
16,3,0,0.014285600000221166,0.005247600000075181,2.7223111517677605,both solved,True
20,4,1,0.0965477000008832,0.0242404999989958,3.982908768584923,both solved,False
24,5,2,0.8888260999992781,0.15151960000002873,5.866080031884387,both solved,False
26,5,0,1.5255106999993586,0.009998699999414384,152.57090422642008,both solved,True
28,6,3,8.468210300001374,0.9622911999995267,8.80004961076807,both solved,False
32,7,4,89.2175642000002,6.441137199999503,13.851213136712426,both solved,False
36,7,0,290.5094274999992,0.017196000000694767,16894.011833464865,both solved,True
46,9,0,timeout,0.02143860000069253,censored,B timeout,True
56,11,0,timeout,0.02971090000028198,censored,B timeout,True
