n,graph_id,graph6,mu_solver_b,mu_solver_c,runtime_solver_b,runtime_solver_c,search_nodes_solver_b,search_nodes_solver_c,solver_c_recursion_nodes,speedup,node_reduction,defect_budget,repetitions,solver_b_times,solver_c_times
12,n12_0000,K??FEb_F?wD_,3,3,0.004457499999261927,0.0029090999996697064,117,1,10,1.5322608366051433,0.9914529914529915,4,5,"[0.0056692999987717485, 0.004807700001038029, 0.00430899999992107, 0.003215999999156338, 0.004457499999261927]","[0.0029090999996697064, 0.002777800000330899, 0.0024377000008826144, 0.003169300000081421, 0.0036307999998825835]"
12,n12_0001,K??FEbGL@WB_,3,3,0.0037860000011278316,0.0024819000009301817,125,1,6,1.5254442160074504,0.992,4,5,"[0.0058976000000257045, 0.0028626000002986984, 0.005525599999600672, 0.002933299998403527, 0.0037860000011278316]","[0.0020423000005393988, 0.0024819000009301817, 0.003439000000071246, 0.0021563999998761574, 0.0036232999991625547]"
12,n12_0002,K??FEagT@WB_,3,3,0.004329800000050454,0.002237000000604894,127,1,4,1.9355386673579162,0.9921259842519685,4,5,"[0.005314100000759936, 0.0036945999981981004, 0.0052782000002480345, 0.003248400000302354, 0.004329800000050454]","[0.002263200000015786, 0.002237000000604894, 0.0021498000005522044, 0.0021164000008866424, 0.003765699999348726]"
12,n12_0003,K??FEaKY@gB_,3,3,0.004309800000555697,0.002352400000745547,134,1,4,1.8320863795229512,0.9925373134328358,4,5,"[0.005014200000005076, 0.003054599999813945, 0.004309800000555697, 0.0030215000006137416, 0.005080200000520563]","[0.001934800000526593, 0.002077099999951315, 0.002352400000745547, 0.0023818000008759554, 0.0038438999999925727]"
12,n12_0004,K??FEaKR@oE_,3,3,0.0037080000001878943,0.0032852000003913417,131,4,13,1.1286984048904747,0.9694656488549618,4,5,"[0.003958499999498599, 0.0029479999993782258, 0.0034931999998661922, 0.0037080000001878943, 0.004283099999156548]","[0.0021372999999584863, 0.003926500001398381, 0.00440829999934067, 0.002907699999923352, 0.0032852000003913417]"
12,n12_0005,K?AEF@oM?w@o,3,3,0.003519199999573175,0.0027140000001963926,128,7,10,1.2966838612080014,0.9453125,4,5,"[0.004148900001382572, 0.002620899998873938, 0.003519199999573175, 0.005133500000738422, 0.003357999999934691]","[0.0027140000001963926, 0.0030727000012120698, 0.003547799999068957, 0.002565500000855536, 0.0019476000015856698]"
12,n12_0006,K?AEB`gHcoB_,3,3,0.004054400000313763,0.0033411999993404606,140,7,18,1.213456243599331,0.95,4,5,"[0.004054400000313763, 0.002923799998825416, 0.005230400000073132, 0.0030240999985835515, 0.0046886000000085915]","[0.003010599999470287, 0.0033411999993404606, 0.0027460999990580603, 0.005023600000640727, 0.003974299999754294]"
12,n12_0007,K?AEEHaM@oB_,3,3,0.0037759000006190035,0.0021314999994501704,121,1,4,1.77147548749379,0.9917355371900827,4,5,"[0.003821099999186117, 0.003283500000179629, 0.0037759000006190035, 0.0029917000010755146, 0.004295299999284907]","[0.0020951000005879905, 0.0021271000005071983, 0.002447799999572453, 0.003601800000978983, 0.0021314999994501704]"
12,n12_0008,K?AEEDcF@oF?,3,3,0.003588700001273537,0.002287600000272505,123,1,4,1.5687620217022389,0.991869918699187,4,5,"[0.003588700001273537, 0.003822099999524653, 0.0033696999998937827, 0.0027544000004127156, 0.004780000001119333]","[0.002157299999453244, 0.002287600000272505, 0.0028681000003416557, 0.002852700001312769, 0.0022107999993750127]"
12,n12_0009,K?AEDDWX@oB_,3,3,0.003826699999990524,0.0029899000001023524,129,1,4,1.2798755810761315,0.9922480620155039,4,5,"[0.004643800000849296, 0.003833400000075926, 0.0031897000008029863, 0.003533900000547874, 0.003826699999990524]","[0.0029899000001023524, 0.0040650000009918585, 0.0023148000000219326, 0.0030960999993112637, 0.0028495999995357124]"
12,n12_0010,K?ABF@ce?sB_,3,3,0.0035771000002569053,0.0032214999991992954,125,1,4,1.11038336214372,0.992,4,5,"[0.006532099998366903, 0.0033874000000650994, 0.0035771000002569053, 0.0030893000002834015, 0.004466200000024401]","[0.002035900000919355, 0.0032214999991992954, 0.004295200000342447, 0.0022683999995933846, 0.0034580999999889173]"
12,n12_0011,K?ABEb_J?sB_,3,3,0.0029687999995076098,0.002367800001593423,129,3,6,1.2538221123024498,0.9767441860465116,4,5,"[0.0046481000008498086, 0.0029687999995076098, 0.002914099999543396, 0.0029512000000977423, 0.005026899998483714]","[0.002367800001593423, 0.0022134999999252614, 0.0020666999989771284, 0.0024353999997401843, 0.004088600000613951]"
12,n12_0012,K?ABEagE`gH_,3,3,0.004683799999838811,0.0028050000000803266,137,1,4,1.6698039214633447,0.9927007299270073,4,5,"[0.004064499999003601, 0.0028406000001268694, 0.006163000000015018, 0.004683799999838811, 0.005466900000101305]","[0.002415599999949336, 0.0028050000000803266, 0.005175000000235741, 0.0026925000001938315, 0.0037754000004497357]"
12,n12_0013,K?ABE`Ke@gDO,3,3,0.0038538000007974915,0.0023717999993095873,134,2,5,1.6248418930429644,0.9850746268656716,4,5,"[0.0038538000007974915, 0.0030511999993905192, 0.004449199999726261, 0.0033786999993026257, 0.004950599999574479]","[0.002110499999616877, 0.0023717999993095873, 0.0021135000006324844, 0.0031025999996927567, 0.0027544000004127156]"
12,n12_0014,K?ABE`Ke@WEO,3,3,0.0036201000002620276,0.0023355000012088567,131,1,4,1.550032112347789,0.9923664122137404,4,5,"[0.00308489999952144, 0.003930200000468176, 0.0036201000002620276, 0.004699000000982778, 0.002958700000817771]","[0.00201059999926656, 0.0037998000007064547, 0.0020896000005450333, 0.0026574999992590165, 0.0023355000012088567]"
12,n12_0015,K?ABBb_e?[B_,3,3,0.0031797000010556076,0.003140999999232008,127,1,5,1.012320917489036,0.9921259842519685,4,5,"[0.00294699999903969, 0.0034725999994407175, 0.0031797000010556076, 0.0034248000010848045, 0.0027486999988468597]","[0.003299100000731414, 0.0039042000007611932, 0.003140999999232008, 0.0020099000012123724, 0.0020784999996976694]"
12,n12_0016,K?ABBb_E_wP_,3,3,0.0027902999991056276,0.0024312000005011214,124,1,5,1.147704836513034,0.9919354838709677,4,5,"[0.0030254000012064353, 0.0025419000012334436, 0.0029282999985298375, 0.0026700999987951946, 0.0027902999991056276]","[0.002241999998659594, 0.0032671999997546664, 0.0034814000009646406, 0.0024312000005011214, 0.002174100000047474]"
12,n12_0017,K?ABB`gc_wP_,3,3,0.003414599999814527,0.0025853999995888444,130,1,4,1.3207240660468593,0.9923076923076923,4,5,"[0.003414599999814527, 0.0030965000005380716, 0.0027651999989757314, 0.003933600000891602, 0.0036056000008102274]","[0.0021402000002126442, 0.0031488000004173955, 0.003655500000604661, 0.002278199999636854, 0.0025853999995888444]"
12,n12_0018,K?ABB`gEcgP_,3,3,0.004078699999809032,0.0028166000010969583,127,1,4,1.4480934453669438,0.9921259842519685,4,5,"[0.004231400000207941, 0.0027408000005380018, 0.004078699999809032, 0.003035499999896274, 0.00486319999981788]","[0.0028166000010969583, 0.003190899999026442, 0.0038432999990618555, 0.0020593999997799983, 0.0020456000002013752]"
12,n12_0019,K?ABCqWUBGCo,3,3,0.0033831000000645872,0.0023056999998516403,122,1,4,1.4672767490489969,0.9918032786885246,4,5,"[0.003284899999925983, 0.003598400000555557, 0.002864199999748962, 0.0033831000000645872, 0.005369399999835878]","[0.0022083999992901227, 0.0020678000000771135, 0.0023056999998516403, 0.002583800000138581, 0.0025921999986167066]"
12,n12_0020,K?ABArOb@WEO,3,3,0.0035538000011001714,0.0021415999999589985,138,1,5,1.65941352314541,0.9927536231884058,4,5,"[0.002836300000126357, 0.0035538000011001714, 0.0031583999989379663, 0.004014800000732066, 0.0061332999994192505]","[0.0017585000005055917, 0.0021415999999589985, 0.003043299999262672, 0.001987300000109826, 0.002362000001085107]"
12,n12_0021,K?ABApok?[P_,3,3,0.003419700000449666,0.002417200001218589,137,1,6,1.4147360577220272,0.9927007299270073,4,5,"[0.003252099999372149, 0.0027032999987568473, 0.004414700000779703, 0.003419700000449666, 0.004699699999036966]","[0.002417200001218589, 0.0033760999995138263, 0.003310599999167607, 0.002049700000497978, 0.0020315000001573935]"
12,n12_0022,K?ABApoMCWOo,3,3,0.002873800000088522,0.0021063999993202742,125,1,4,1.3643182686174917,0.992,4,5,"[0.0027593999984674156, 0.0025609999993321253, 0.0035886000005120877, 0.002873800000088522, 0.003743400000530528]","[0.0019298000006529037, 0.002491899998858571, 0.0021063999993202742, 0.0027336000002833316, 0.002054399999906309]"
12,n12_0023,K?ABApoc`WP_,3,3,0.0034326000004512025,0.002567300000009709,136,1,4,1.3370467029323496,0.9926470588235294,4,5,"[0.003337299998747767, 0.003177500000674627, 0.0036070999994990416, 0.0034326000004512025, 0.0034368999986327253]","[0.0019419000000198139, 0.00209520000134944, 0.002567300000009709, 0.0036600999992515426, 0.00354930000139575]"
12,n12_0024,K?ABArCe@gDO,3,3,0.0026871000009123236,0.0024729999986448092,133,5,11,1.0865750110735302,0.9624060150375939,4,5,"[0.0026804999997693812, 0.003067699999519391, 0.0033499999990453944, 0.0026871000009123236, 0.002520800000638701]","[0.0022480000006908085, 0.0026501000011194265, 0.0022551000001840293, 0.0024729999986448092, 0.003225800001018797]"
12,n12_0025,K?ABCiWRB_DO,3,3,0.0034679000000323867,0.0026305999999749474,149,1,6,1.3182924047994424,0.9932885906040269,4,5,"[0.003198000000338652, 0.0030803999998170184, 0.0034679000000323867, 0.003757700000278419, 0.0034743999985948903]","[0.0026305999999749474, 0.0031362999998236774, 0.0031885000007605413, 0.002171900001485483, 0.002290500000526663]"
12,n12_0026,K?ABCiWFBOKO,3,3,0.0031531999993603677,0.0028395999997883337,122,1,8,1.1104380897293316,0.9918032786885246,4,5,"[0.0028674999994109385, 0.0032983000000967877, 0.0028621000001294306, 0.0038010000007488998, 0.0031531999993603677]","[0.002508300000044983, 0.0028395999997883337, 0.003410299999814015, 0.002475500001310138, 0.003135900000415859]"
12,n12_0027,K?ABCiKU@oKO,3,3,0.003344499999002437,0.0022449000007327413,127,1,5,1.4898213719590108,0.9921259842519685,4,5,"[0.00276060000032885, 0.003473400000075344, 0.003344499999002437, 0.0026216999995085644, 0.00434540000060224]","[0.0021152000008441973, 0.0021014999983890448, 0.0023746000006212853, 0.0025222000003850553, 0.0022449000007327413]"
12,n12_0028,K?ABEDoM?wP_,3,3,0.0029602000013255747,0.0023404999992635567,126,1,4,1.2647724854761837,0.9920634920634921,4,5,"[0.0031773999999131775, 0.0029602000013255747, 0.0024271000002045184, 0.0024735999995755265, 0.004259700001057354]","[0.002511200000299141, 0.0025675999986560782, 0.002135900000212132, 0.0023404999992635567, 0.002091100001052837]"
12,n12_0029,K?ABEDWM?wS_,3,3,0.0028757999989466043,0.002456599999277387,127,1,4,1.1706423511326736,0.9921259842519685,4,5,"[0.0027771000004577218, 0.002765999999610358, 0.0028757999989466043, 0.0030881000002409564, 0.003179499999532709]","[0.0019351999999344116, 0.0028476000006776303, 0.002456599999277387, 0.0020690999990620185, 0.003223799998522736]"
12,n12_0030,K?ABEESU@WF?,3,3,0.0030726000004506204,0.002450400001180242,128,2,5,1.2539177272978674,0.984375,4,5,"[0.0030726000004506204, 0.0026995000007445924, 0.0028839999995398102, 0.004252299999279785, 0.0049242999994021375]","[0.002450400001180242, 0.001974099999642931, 0.003078300000197487, 0.002669100000275648, 0.0020153999994363403]"
12,n12_0031,K?ABBF_e?wB_,3,3,0.0036562999994202983,0.001796200000171666,119,1,4,2.0355751024779307,0.9915966386554622,4,5,"[0.003679299999930663, 0.0034236000010423595, 0.0036562999994202983, 0.0027420999995229067, 0.0037288000003172783]","[0.001932499999384163, 0.001743299999361625, 0.001779400001396425, 0.001828899999964051, 0.001796200000171666]"
12,n12_0032,K?ABBFOe@WB_,3,3,0.0026920000000245636,0.0023027999995974824,128,1,4,1.16901163822091,0.9921875,4,5,"[0.0026920000000245636, 0.0034752000010485062, 0.002627300000312971, 0.0026027999992948025, 0.004165899999861722]","[0.001971600000615581, 0.002495700000508805, 0.00405990000035672, 0.0021128999997017672, 0.0023027999995974824]"
12,n12_0033,K?ABBFOb@oB_,3,3,0.0027222000007895986,0.002267500000016298,127,1,5,1.2005292175391542,0.9921259842519685,4,5,"[0.0026682000006985618, 0.002930900000137626, 0.0026493000004848, 0.0035350999987713294, 0.0027222000007895986]","[0.002210399999967194, 0.001988399999390822, 0.003832200000033481, 0.002267500000016298, 0.0024341000007552793]"
12,n12_0034,K?ABBFCe@oB_,3,3,0.002963300001283642,0.0018849000007321592,124,3,6,1.5721258422900926,0.9758064516129032,4,5,"[0.002963300001283642, 0.0027638999999908265, 0.0029531000000133645, 0.0038729999996576225, 0.0036075000007258495]","[0.0017360000001644948, 0.0017975999999180203, 0.003264000000854139, 0.0031066999999893596, 0.0018849000007321592]"
12,n12_0035,K?ABCfOY?wD_,3,3,0.0036765999993804144,0.002112000000124681,129,2,5,1.7408143935432614,0.9844961240310077,4,5,"[0.0045784000012645265, 0.0028573999989021104, 0.0029657999984920025, 0.0036765999993804144, 0.004063600001245504]","[0.0022492999996757135, 0.002112000000124681, 0.0020142000012128847, 0.002024100000198814, 0.0023306000002776273]"
12,n12_0036,K?ABCfOR@oD_,3,3,0.0038034999997762498,0.002298299999893061,131,1,4,1.6549188530449572,0.9923664122137404,4,5,"[0.004015500000605243, 0.003916499999832013, 0.00276530000155617, 0.0038034999997762498, 0.0032117999999172753]","[0.002686300000277697, 0.0020232000006217277, 0.0030626000007032417, 0.002298299999893061, 0.002013200000874349]"
12,n12_0037,K?ABCfGT@oD_,3,3,0.003883700001097168,0.002500799999324954,143,3,6,1.5529830462833905,0.9790209790209791,4,5,"[0.004017000001113047, 0.004283399999621906, 0.002885699999751523, 0.0028901000005134847, 0.003883700001097168]","[0.0020041000007040566, 0.002500799999324954, 0.0026206999991700286, 0.0020641000010073185, 0.003297499999462161]"
12,n12_0038,K?ABCeWU@WK_,3,3,0.003296700000646524,0.0023117000000638654,131,1,4,1.4260933514536687,0.9923664122137404,4,5,"[0.003296700000646524, 0.0026254999993398087, 0.0032998999995470513, 0.002536800000598305, 0.004449099998964812]","[0.0026450000004842877, 0.002127099998688209, 0.00203719999990426, 0.0023117000000638654, 0.0026890000008279458]"
12,n12_0039,K?ABCdWT@WT?,3,3,0.0029095999998389743,0.0021130000004632166,133,4,9,1.3769995263611572,0.9699248120300752,4,5,"[0.0033315000000584405, 0.0038671999991493067, 0.0029095999998389743, 0.0027929000007134164, 0.0028120999995735474]","[0.0029695000011997763, 0.0020944999996572733, 0.002106800000547082, 0.002542399999583722, 0.0021130000004632166]"
12,n12_0040,K?ABCfCY?wF?,3,3,0.0029443000003084308,0.002294199999596458,132,2,8,1.283366751297325,0.9848484848484849,4,5,"[0.0029443000003084308, 0.0029862000010325573, 0.0025771999989956385, 0.003616100000726874, 0.0028285000007599592]","[0.002377300001171534, 0.00261559999853489, 0.002294199999596458, 0.0020559000004141126, 0.0020944999996572733]"
12,n12_0041,K?ABCfCU@WF?,3,3,0.003045699999347562,0.0022159000000101514,136,1,4,1.374475382162376,0.9926470588235294,4,5,"[0.0026705000000220025, 0.004642500000045402, 0.003045699999347562, 0.002729600000748178, 0.0035974000002170214]","[0.0019456999998510582, 0.0022159000000101514, 0.0022853000009490643, 0.0020619000006263377, 0.003144399999655434]"
12,n12_0042,K?ABAdoi?wP_,3,3,0.003694000000905362,0.002677399999811314,137,1,4,1.3796967211345676,0.9927007299270073,4,5,"[0.003782800000408315, 0.004366900000604801, 0.003694000000905362, 0.00345269999888842, 0.0033524999998917338]","[0.0031589999998686835, 0.0019647000008262694, 0.0020898999991914025, 0.003214700000171433, 0.002677399999811314]"
12,n12_0043,K?ABAdgi?wQ_,3,3,0.003003599998919526,0.0021617000002152054,126,1,4,1.3894619968638138,0.9920634920634921,4,5,"[0.0034011000007012626, 0.0036605000004783506, 0.0028904999999213032, 0.0028603999999177177, 0.003003599998919526]","[0.0021617000002152054, 0.0022143999995023478, 0.0030043999995541526, 0.002021799999056384, 0.0017883999989862787]"
12,n12_0044,K?ABAfCi?wF?,3,3,0.003435399999943911,0.00290820000009262,131,1,4,1.181280517101472,0.9923664122137404,4,5,"[0.0032298999994964106, 0.005022600000302191, 0.0029056999992462806, 0.003435399999943911, 0.0035914000000047963]","[0.0019587000006140443, 0.0038222000002861023, 0.003064599999561324, 0.0020327999991422985, 0.00290820000009262]"
12,n12_0045,K?AB?vOTDOD_,3,3,0.0029504000012821052,0.002445800000714371,133,1,4,1.2063128630388218,0.9924812030075187,4,5,"[0.0026567999993858393, 0.0029504000012821052, 0.0027033000005758367, 0.003151599999910104, 0.003415099999983795]","[0.0027307999989716336, 0.0019823999991785968, 0.002159699999538134, 0.0027489999993122183, 0.002445800000714371]"
12,n12_0046,K?AB?tos@WP_,3,3,0.003166599999531172,0.0022599000003538094,130,1,6,1.401212442601624,0.9923076923076923,4,5,"[0.002879600000596838, 0.003166599999531172, 0.003075399999943329, 0.004006000001027132, 0.004496300000027986]","[0.003054500000871485, 0.0020671000002039364, 0.0022599000003538094, 0.002394500001173583, 0.002081299999190378]"
12,n12_0047,K?ABCN_U?wF?,3,3,0.003448499999649357,0.002279899999848567,127,3,6,1.5125663405756435,0.9763779527559056,4,5,"[0.004092900000614463, 0.0032013999989430886, 0.0029847999994672136, 0.003448499999649357, 0.003833200000372017]","[0.001952099999471102, 0.004125700001168298, 0.003519399999277084, 0.002279899999848567, 0.0021761000007245457]"
12,n12_0048,K?ABCNOY?wF?,3,3,0.0033851000007416587,0.002553599999373546,136,1,4,1.3256187349514794,0.9926470588235294,4,5,"[0.003302199998870492, 0.0033851000007416587, 0.004008300000350573, 0.0028911999997944804, 0.0037830999990546843]","[0.00207839999893622, 0.002553599999373546, 0.002862900000764057, 0.0022778999991714954, 0.003299799998785602]"
12,n12_0049,K?BD?qcKaoHG,3,3,0.0032797999992908444,0.0022686000011162832,127,1,4,1.4457374582019713,0.9921259842519685,4,5,"[0.0032797999992908444, 0.0055591999989701435, 0.002778000000034808, 0.0032023999992816243, 0.004222700001264457]","[0.0022686000011162832, 0.002127499999915017, 0.0028227999991941033, 0.0029896999985794537, 0.0019910000009986106]"
12,n12_0050,K?BD?pck?sHG,3,3,0.0038193000000319444,0.0017929000005096896,151,1,5,2.1302359300274336,0.9933774834437086,4,5,"[0.003975400000854279, 0.0038193000000319444, 0.0029852999996364815, 0.0028601000012713484, 0.003904700000930461]","[0.0017609000005904818, 0.0026348000010329997, 0.0024069999999483116, 0.001779099999112077, 0.0017929000005096896]"
12,n12_0051,K?BD?pSw@SBG,3,3,0.0028872999992017867,0.00203729999884672,123,5,8,1.4172188685202165,0.959349593495935,4,5,"[0.002437400000417256, 0.002437099999951897, 0.0034825999991880963, 0.0028872999992017867, 0.0039692000009381445]","[0.0017828000000008615, 0.00203729999884672, 0.0028015999996569008, 0.0020583000004990026, 0.0016906000000744825]"
12,n12_0052,K?`@F@gd?sAo,3,3,0.0037415000006149057,0.0021244999988994095,133,1,4,1.7611202647932116,0.9924812030075187,4,5,"[0.003246299998863833, 0.0037415000006149057, 0.003025300000444986, 0.004761300000609481, 0.0038617999998677988]","[0.0021244999988994095, 0.0019449000010354212, 0.004065600000103586, 0.0020370999991428107, 0.0024069999999483116]"
12,n12_0053,K?`@Eb_M?k@o,3,3,0.0032058000015240395,0.0025758000010682736,138,1,4,1.2445842069238617,0.9927536231884058,4,5,"[0.004782600000908133, 0.0029119999999238644, 0.0028362000011838973, 0.0032058000015240395, 0.003262600001107785]","[0.0020076000000699423, 0.002062899999145884, 0.0037431000000651693, 0.0027632000001176493, 0.0025758000010682736]"
12,n12_0054,K?`@Eb_J?sAo,3,3,0.003420900000492111,0.0021762999986094655,134,1,4,1.5718880681330125,0.9925373134328358,4,5,"[0.00334840000141412, 0.003420900000492111, 0.0040288000000145985, 0.003723800000443589, 0.0029441000006045215]","[0.0021762999986094655, 0.0035547999996197177, 0.0029903000013291603, 0.002128199999788194, 0.0020167000002402347]"
12,n12_0055,K?`@Eb_F?[EO,3,3,0.0031667000002926216,0.002472199999829172,147,1,4,1.280923873679896,0.9931972789115646,4,5,"[0.003147499999613501, 0.0031875999993644655, 0.0028541000010591233, 0.003549600000042119, 0.0031667000002926216]","[0.0024205999998230254, 0.002485799999703886, 0.003798800000367919, 0.002472199999829172, 0.0019608999991760356]"
12,n12_0056,K?`@E`gh?sAo,3,3,0.0032291000006807735,0.0020643999996536877,141,1,4,1.5641832984026687,0.9929078014184397,4,5,"[0.0038116999985504663, 0.003575099999579834, 0.0032291000006807735, 0.0029531000000133645, 0.002766600000541075]","[0.0019952999991801335, 0.0020231999988027383, 0.0029544999997597188, 0.0020643999996536877, 0.0032061999991128687]"
12,n12_0057,K?`@E`gFCcCo,3,3,0.004103900000700378,0.002323100001376588,134,1,4,1.7665619208249967,0.9925373134328358,4,5,"[0.0029168999990361044, 0.004103900000700378, 0.005406799999036593, 0.0051888000016333535, 0.003992300000390969]","[0.003013699999428354, 0.002323100001376588, 0.0047195999995892635, 0.0020363000003271736, 0.001942199998666183]"
12,n12_0058,K?`@E`gFCKEO,3,3,0.003381900000022142,0.0023277000000234693,135,1,4,1.4528934140946186,0.9925925925925926,4,5,"[0.0040813999985402916, 0.003381900000022142, 0.0028906999996252125, 0.004583100000672857, 0.002695099999982631]","[0.002751799998804927, 0.0023987000004126457, 0.00218489999861049, 0.0023277000000234693, 0.001973500000531203]"
12,n12_0059,K?`@E`gEcKE_,3,3,0.003967200000261073,0.0021943000010651303,158,8,12,1.8079569786881298,0.9493670886075949,4,5,"[0.003047300000616815, 0.004030799998872681, 0.003967200000261073, 0.00564469999881112, 0.0035652000005939044]","[0.0020825999999942724, 0.002070599999569822, 0.002272699999593897, 0.0021943000010651303, 0.002486999999746331]"
12,n12_0060,K?`@E`Wh?kDO,3,3,0.003911499999958323,0.002184000000852393,141,1,4,1.7909798527617695,0.9929078014184397,4,5,"[0.003322100001241779, 0.004382900000564405, 0.003911499999958323, 0.003538200000548386, 0.004204799999570241]","[0.0019905999997718027, 0.0019998000007035444, 0.0024815999986458337, 0.002335700000912766, 0.002184000000852393]"
12,n12_0061,K?`@EaKY?kEO,3,3,0.0033671999990474433,0.0035432999993645353,149,1,4,0.9503005671693974,0.9932885906040269,4,5,"[0.0033671999990474433, 0.0032804000002215616, 0.0034302999993087724, 0.003340000001117005, 0.0036842999998043524]","[0.0038906999998289393, 0.0035432999993645353, 0.0037747999995190185, 0.0025076999991142657, 0.002167499998904532]"
12,n12_0062,K?`@EaKX?sEO,3,3,0.002692199999728473,0.002781900000627502,130,2,5,0.9677558500022302,0.9846153846153847,4,5,"[0.002692199999728473, 0.0024077999987639487, 0.0025504999994154787, 0.002793800000290503, 0.00278729999990901]","[0.003155200000037439, 0.002781900000627502, 0.002612599999338272, 0.002035999999861815, 0.003112200000032317]"
12,n12_0063,K?`@EROM?kCo,3,3,0.003756000000066706,0.0021173999994061887,148,1,5,1.7738736191178106,0.9932432432432432,4,5,"[0.0031089000003703404, 0.004377700000986806, 0.0033738000001903856, 0.003756000000066706, 0.004168499999650521]","[0.0020809999987250194, 0.002025300000241259, 0.002159199999368866, 0.0021173999994061887, 0.0033622999999352032]"
12,n12_0064,K?`@EQgLAcAo,3,3,0.0029018000004725764,0.003213500000128988,130,1,4,0.903002956389015,0.9923076923076923,4,5,"[0.0029018000004725764, 0.004877900000792579, 0.0027348000003257766, 0.0029211999990366166, 0.0026615999995556194]","[0.002783399999316316, 0.0035443000015220605, 0.003213500000128988, 0.003246000000217464, 0.0019642000006570015]"
12,n12_0065,K?`@EQK[?kEO,3,3,0.0033026000000973,0.0022785000001022127,129,1,6,1.449462365569079,0.9922480620155039,4,5,"[0.004534900001090136, 0.005249200001344434, 0.0032363999998779036, 0.0033026000000973, 0.003032000000530388]","[0.0022035000001778826, 0.0022785000001022127, 0.004310700000132783, 0.002339800001209369, 0.00210269999843149]"
12,n12_0066,K?`@Cr_T?[EO,3,3,0.0036603999997169012,0.0023897999999462627,128,8,13,1.5316762908189845,0.9375,4,5,"[0.0025603000012779376, 0.0036603999997169012, 0.0039484999997512205, 0.0024027999988902593, 0.0038180000010470394]","[0.0023897999999462627, 0.0026189000000158558, 0.004947699999320321, 0.0021619999988615746, 0.0021314999994501704]"
12,n12_0067,K?`@CrGX?kEO,3,3,0.0027073000001109904,0.0021964999996271217,125,1,5,1.232551787193527,0.992,4,5,"[0.0027073000001109904, 0.002593499999420601, 0.002635099999679369, 0.003108299999439623, 0.0031638000000384636]","[0.001989599999433267, 0.0021964999996271217, 0.0020755999994435115, 0.002277499999763677, 0.0024326000002474757]"
12,n12_0068,K?`@CrGT@KEO,3,3,0.0027319999990140786,0.0024051000000326894,126,1,4,1.1359195039611434,0.9920634920634921,4,5,"[0.0027319999990140786, 0.0029334999999264255, 0.0024302999991050456, 0.0033786000003601657, 0.0023990999998204643]","[0.0024558000004617497, 0.002150700000129291, 0.0032195999992836732, 0.0024051000000326894, 0.0022006999988661846]"
12,n12_0069,K?`@CqW[AKCo,3,3,0.002983000000313041,0.0022535999996762257,122,1,12,1.3236599222318104,0.9918032786885246,4,5,"[0.0026651000007404946, 0.003666799999336945, 0.002983000000313041, 0.002629200000228593, 0.004765700001371442]","[0.0022535999996762257, 0.00221620000047551, 0.0024807999998301966, 0.0019726999998965766, 0.0025185000013152603]"
12,n12_0070,K?`@CrCY?kEO,3,3,0.0034867000013036886,0.002136500001142849,128,1,5,1.6319681719815564,0.9921875,4,5,"[0.0030815999998594634, 0.0036053000003448687, 0.0034867000013036886, 0.00275099999998929, 0.004406500000186497]","[0.0019693000012921402, 0.002015199999732431, 0.002136500001142849, 0.0028037000010954216, 0.004936299999826588]"
12,n12_0071,K?`DAagK_iH_,3,3,0.0024353000007977244,0.0020104000013816403,123,1,4,1.2113509744946642,0.991869918699187,4,5,"[0.002330699999220087, 0.0036498999998002546, 0.0024353000007977244, 0.0025038999992830213, 0.0023891999990155455]","[0.002075200000035693, 0.0020104000013816403, 0.0019816999993054196, 0.002936799999588402, 0.001699299999017967]"
12,n12_0072,K?`D@`gE_iW_,3,3,0.0032649000004312256,0.003320400001030066,131,1,4,0.9832851461927409,0.9923664122137404,4,5,"[0.0032649000004312256, 0.0034148999984608963, 0.0032339000008505536, 0.0028753999995387858, 0.005793099999209517]","[0.00373080000099435, 0.003320400001030066, 0.0031677000006311573, 0.003622299998824019, 0.001969299999473151]"
12,n12_0073,K?`D@`cS_wPG,3,3,0.0030055999995965976,0.0022171000000525964,133,1,4,1.3556447609603968,0.9924812030075187,4,5,"[0.0030055999995965976, 0.002994300000864314, 0.003437100000155624, 0.002848199999789358, 0.0030496999988827156]","[0.0036331999999674736, 0.0025234999993699603, 0.0022124999995867256, 0.0020594999987224583, 0.0022171000000525964]"
12,n12_0074,K?`D@bAJAgBG,3,3,0.0030869000001985114,0.0023879000000306405,133,1,4,1.292725826106161,0.9924812030075187,4,5,"[0.0028787000010197517, 0.00412279999909515, 0.0030869000001985114, 0.0033148000002256595, 0.0025473999994574115]","[0.002052199999525328, 0.0023278000007849187, 0.0040377000004809815, 0.0023879000000306405, 0.002575500000602915]"
12,n12_0075,K?`D@`ae?iH_,3,3,0.002459199999066186,0.002219800000602845,126,1,4,1.1078475531121388,0.9920634920634921,4,5,"[0.00233470000057423, 0.002411299999948824, 0.002459199999066186, 0.004083100000570994, 0.0034892999992734985]","[0.002219800000602845, 0.002044299999397481, 0.004139900000154739, 0.003434000000197557, 0.001996799999687937]"
12,n12_0076,K?`D@aQY?wGg,3,3,0.004092700000910554,0.00229619999845454,143,3,7,1.7823795852561408,0.9790209790209791,4,5,"[0.003698999998960062, 0.0035432999993645353, 0.004671000000598724, 0.004092700000910554, 0.004189100000075996]","[0.002347800000279676, 0.002056700001048739, 0.002188600001318264, 0.0030181000001903158, 0.00229619999845454]"
12,n12_0077,K?`@`ago_YI_,3,3,0.003021299999090843,0.0037651999991794582,132,8,26,0.8024274938248348,0.9393939393939394,4,5,"[0.0027181000004929956, 0.003975900001023547, 0.002697599999009981, 0.003021299999090843, 0.004102099999727216]","[0.0037651999991794582, 0.0030357000014191726, 0.006246700000701821, 0.003986300000178744, 0.002411499999652733]"
12,n12_0078,K?`CRAWK`gGg,3,3,0.0027859999991051154,0.002783899999485584,127,1,5,1.0007543373037535,0.9921259842519685,4,5,"[0.0023170000004029134, 0.0027859999991051154, 0.002655800000866293, 0.00388329999987036, 0.0035315000004629837]","[0.003292400000646012, 0.0033058000008168165, 0.002783899999485584, 0.002297299999554525, 0.0026119000012840843]"
12,n12_0079,K?`CPbGP`gEG,3,3,0.002669699999387376,0.0019998000007035444,122,3,7,1.3349834975738353,0.9754098360655737,4,5,"[0.002669699999387376, 0.0023414999996020924, 0.004120799998418079, 0.0023962999985087663, 0.003014100000655162]","[0.0019998000007035444, 0.0018142000008083414, 0.0033065000006899936, 0.0019110000012005912, 0.0021737999995821156]"
12,n12_0080,K?`CPbGHb_Ag,3,3,0.0035932999999204185,0.002168500001062057,131,1,5,1.6570440388104881,0.9923664122137404,4,5,"[0.003031300000657211, 0.00446159999955853, 0.0035932999999204185, 0.0032441000003018416, 0.0037902000003668945]","[0.002139000000170199, 0.002168500001062057, 0.003521799999361974, 0.0024570999994466547, 0.0020196000004943926]"
12,n12_0081,K?`CPag[?kGg,3,3,0.0030704000000696396,0.002888400000301772,128,11,18,1.063010663256077,0.9140625,4,5,"[0.0026133999999728985, 0.0030704000000696396, 0.002981399999043788, 0.004425000000992441, 0.00506380000115314]","[0.004175699999905191, 0.0020712999994429993, 0.0029323999988264404, 0.002888400000301772, 0.0022040000003471505]"
12,n12_0082,K?`CPagXAcAg,3,3,0.004060900000695256,0.0022205000004760223,131,6,11,1.8288223372324681,0.9541984732824428,4,5,"[0.0027224999994359678, 0.004905399999188376, 0.0033239999993384117, 0.004060900000695256, 0.004623800001354539]","[0.0033189000005222624, 0.0021827000000484986, 0.00218489999861049, 0.0022205000004760223, 0.003124299999399227]"
12,n12_0083,K?`CPagWagAg,3,3,0.004060499999468448,0.0020435000005818438,127,1,12,1.9870320520246172,0.9921259842519685,4,5,"[0.004426999999850523, 0.0048426000012113946, 0.0028797000013582874, 0.00377200000002631, 0.004060499999468448]","[0.0026947000005748123, 0.0019432999997661682, 0.0020435000005818438, 0.00235419999989972, 0.0019170999985362869]"
12,n12_0084,K?`CPagPagEG,3,3,0.0030303999992611352,0.0017829999997047707,125,16,23,1.6996074031199715,0.872,4,5,"[0.0030303999992611352, 0.0024331000004167436, 0.002779799999188981, 0.0033339999990857905, 0.0037259999990055803]","[0.0017542999994475394, 0.0019412999990890967, 0.002986800000144285, 0.0017442999997001607, 0.0017829999997047707]"
