n,mu,defect_budget_bin,graph_count,median_speedup,geometric_mean_speedup,median_runtime_solver_b,median_runtime_solver_c,solver_c_slower_count
4,1,2,1,0.8666666670471089,0.8666666670471089,0.0005524999996850966,0.0006374999993568053,1
6,1,0,2,1.182847321769632,1.1778236273789704,0.001346699999885459,0.001123600000028091,0
8,2,3,5,0.7544240392112774,0.8189534023320406,0.0010903999991569435,0.0013693999990209704,4
10,2,1,14,1.0808912422460804,1.0869672160686596,0.0026431000005686656,0.002525999999306805,4
10,3,>=5,5,0.7480794056834064,0.7004797106284375,0.0020700999994005542,0.0029269000006024726,5
12,3,4,85,1.3796967211345676,1.387069940272532,0.003381900000022142,0.002323100001376588,5
14,3,2,418,1.4651389965242216,1.4351068113784793,0.008311249999678694,0.005555050000111805,81
14,4,>=5,91,1.1775561763821345,1.1391365245593201,0.01125560000036785,0.009971299999961047,27
16,3,0,4,5.303663934702685,5.228672770629565,0.019043000000237953,0.0035794999994323007,0
16,4,>=5,4056,4.577899660324631,4.458239856553257,0.01969739999913145,0.004343999999946391,0
