graph_id,n,mu,defect_budget,variant,repetitions,runtime_seconds,raw_times,search_nodes,complete_candidates,rigid_prunes,failed_cache_hits,failed_states
n16_0000,16,4,5,c_full,3,0.0005430999990494456,"[0.0006559000012202887, 0.0005399000001489185, 0.0005430999990494456]",20,8,2,0,0
n16_0000,16,4,5,c_without_defect_budget,3,0.0005951000002824003,"[0.0005295000009937212, 0.000620599999820115, 0.0005951000002824003]",20,8,2,0,0
n16_0000,16,4,5,c_without_zero_defect_special_solver,3,0.0005393999999796506,"[0.0005393999999796506, 0.0008724999988771742, 0.0005172000001039123]",20,8,2,0,0
n16_0000,16,4,5,c_without_failed_state_memoization,3,0.0006192999990162207,"[0.0005209999999351567, 0.000826999999844702, 0.0006192999990162207]",20,8,2,0,0
n16_0000,16,4,5,c_without_near_leaf_maximality_pruning,3,0.0005500000006577466,"[0.0005500000006577466, 0.00044010000056005083, 0.0006298000007518567]",24,12,0,0,0
n16_0001,16,4,5,c_full,3,0.00032390000160376076,"[0.0003691000001708744, 0.00032390000160376076, 0.0003211999992345227]",7,3,0,0,0
n16_0001,16,4,5,c_without_defect_budget,3,0.00034050000067509245,"[0.0003395000003365567, 0.00034050000067509245, 0.0004819000005227281]",7,3,0,0,0
n16_0001,16,4,5,c_without_zero_defect_special_solver,3,0.00033819999953266233,"[0.0005065999994258163, 0.00033149999944726005, 0.00033819999953266233]",7,3,0,0,0
n16_0001,16,4,5,c_without_failed_state_memoization,3,0.0004900000003544847,"[0.00032610000016575214, 0.0004900000003544847, 0.0007958000005601207]",7,3,0,0,0
n16_0001,16,4,5,c_without_near_leaf_maximality_pruning,3,0.0002660000009200303,"[0.00026330000036978163, 0.0002660000009200303, 0.00028810000003431924]",7,3,0,0,0
n16_0002,16,4,5,c_full,3,0.0004059000002598623,"[0.0003752000011445489, 0.0004059000002598623, 0.0006694000003335532]",9,4,0,0,0
n16_0002,16,4,5,c_without_defect_budget,3,0.00038839999979245476,"[0.0005369000009523006, 0.000375900001017726, 0.00038839999979245476]",9,4,0,0,0
n16_0002,16,4,5,c_without_zero_defect_special_solver,3,0.0003749999996216502,"[0.00038190000122995116, 0.0003749999996216502, 0.0003693999988172436]",9,4,0,0,0
n16_0002,16,4,5,c_without_failed_state_memoization,3,0.00043709999954444356,"[0.00038729999869246967, 0.00043709999954444356, 0.0008222000014939113]",9,4,0,0,0
n16_0002,16,4,5,c_without_near_leaf_maximality_pruning,3,0.0002982000005431473,"[0.0002982000005431473, 0.00028590000147232786, 0.00032669999927747995]",9,4,0,0,0
n16_0003,16,4,5,c_full,3,0.0003456999984337017,"[0.0003456999984337017, 0.00043849999929079786, 0.0003446000009716954]",8,4,0,0,0
n16_0003,16,4,5,c_without_defect_budget,3,0.00035510000088834204,"[0.00035510000088834204, 0.0005314999998518033, 0.0003412000005482696]",8,4,0,0,0
n16_0003,16,4,5,c_without_zero_defect_special_solver,3,0.0003787000005104346,"[0.0003450999993219739, 0.0003787000005104346, 0.0005411000001913635]",8,4,0,0,0
n16_0003,16,4,5,c_without_failed_state_memoization,3,0.00037429999974847306,"[0.00037429999974847306, 0.00039180000021588057, 0.0003403000009711832]",8,4,0,0,0
n16_0003,16,4,5,c_without_near_leaf_maximality_pruning,3,0.00029150000045774505,"[0.0002970000005007023, 0.0002848999993148027, 0.00029150000045774505]",8,4,0,0,0
n16_0004,16,4,5,c_full,3,0.0003269000008003786,"[0.00032559999999648426, 0.00032810000084282365, 0.0003269000008003786]",6,2,0,0,0
n16_0004,16,4,5,c_without_defect_budget,3,0.00043290000030538067,"[0.00033710000025166664, 0.0005013999998482177, 0.00043290000030538067]",6,2,0,0,0
n16_0004,16,4,5,c_without_zero_defect_special_solver,3,0.0003187000002071727,"[0.00032110000029206276, 0.00031710000075690914, 0.0003187000002071727]",6,2,0,0,0
n16_0004,16,4,5,c_without_failed_state_memoization,3,0.0003282999987277435,"[0.00032189999910769984, 0.0005686999993486097, 0.0003282999987277435]",6,2,0,0,0
n16_0004,16,4,5,c_without_near_leaf_maximality_pruning,3,0.00026249999973515514,"[0.00026249999973515514, 0.00043310000000928994, 0.00025970000024244655]",6,2,0,0,0
n16_0005,16,4,5,c_full,3,0.0003879999985656468,"[0.0003866000006382819, 0.00038839999979245476, 0.0003879999985656468]",9,1,2,0,0
n16_0005,16,4,5,c_without_defect_budget,3,0.0003907999998773448,"[0.0007161000012274599, 0.0003870999989885604, 0.0003907999998773448]",9,1,2,0,0
n16_0005,16,4,5,c_without_zero_defect_special_solver,3,0.00038159999894560315,"[0.00038159999894560315, 0.0003640000013547251, 0.0005957000012131175]",9,1,2,0,0
n16_0005,16,4,5,c_without_failed_state_memoization,3,0.00037429999974847306,"[0.00036550000004353933, 0.0006262999995669816, 0.00037429999974847306]",9,1,2,0,0
n16_0005,16,4,5,c_without_near_leaf_maximality_pruning,3,0.00035399999978835694,"[0.00035399999978835694, 0.00033650000113993883, 0.0004291000004741363]",14,6,0,0,0
n16_0006,16,4,5,c_full,3,0.0003513999999995576,"[0.000530100000105449, 0.00033009999970090576, 0.0003513999999995576]",7,3,0,0,0
n16_0006,16,4,5,c_without_defect_budget,3,0.00033209999855898786,"[0.00032279999868478626, 0.00033209999855898786, 0.0003349999988131458]",7,3,0,0,0
n16_0006,16,4,5,c_without_zero_defect_special_solver,3,0.000335599999743863,"[0.000335599999743863, 0.0004002999994554557, 0.00032950000058917794]",7,3,0,0,0
n16_0006,16,4,5,c_without_failed_state_memoization,3,0.0003386000007594703,"[0.00032389999978477135, 0.0003386000007594703, 0.0003524000003380934]",7,3,0,0,0
n16_0006,16,4,5,c_without_near_leaf_maximality_pruning,3,0.0002679999997781124,"[0.00027770000087912194, 0.0002641000010044081, 0.0002679999997781124]",7,3,0,0,0
n16_0007,16,4,5,c_full,3,0.0003668000008474337,"[0.00044460000026447233, 0.00036440000076254364, 0.0003668000008474337]",8,1,3,0,0
n16_0007,16,4,5,c_without_defect_budget,3,0.0003787000005104346,"[0.0003787000005104346, 0.0005282000001898268, 0.00036330000148154795]",8,1,3,0,0
n16_0007,16,4,5,c_without_zero_defect_special_solver,3,0.00038559999848075677,"[0.0003964000006817514, 0.00036499999987427145, 0.00038559999848075677]",8,1,3,0,0
n16_0007,16,4,5,c_without_failed_state_memoization,3,0.00037140000131330453,"[0.00037140000131330453, 0.0003602999986469513, 0.00037909999991825316]",8,1,3,0,0
n16_0007,16,4,5,c_without_near_leaf_maximality_pruning,3,0.0004833999992115423,"[0.0004833999992115423, 0.0004791999999724794, 0.0004988000000594184]",35,5,0,0,0
n16_0008,16,4,5,c_full,3,0.0004648000012821285,"[0.0004882000012003118, 0.0004648000012821285, 0.00043059999916295055]",17,1,6,0,0
n16_0008,16,4,5,c_without_defect_budget,3,0.00044010000056005083,"[0.0011418000012781704, 0.00042749999920488335, 0.00044010000056005083]",17,1,6,0,0
n16_0008,16,4,5,c_without_zero_defect_special_solver,3,0.0004504000007727882,"[0.0004313000008551171, 0.0004504000007727882, 0.00045590000081574544]",17,1,6,0,0
n16_0008,16,4,5,c_without_failed_state_memoization,3,0.0005204000008234289,"[0.0009530000006634509, 0.0005204000008234289, 0.0004332999997131992]",17,1,6,0,0
n16_0008,16,4,5,c_without_near_leaf_maximality_pruning,3,0.00112749999971129,"[0.0009638000010454562, 0.0013075999995635357, 0.00112749999971129]",67,14,0,0,0
n16_0009,16,4,5,c_full,3,0.0004833000002690824,"[0.0007836000004317611, 0.00045789999967382755, 0.0004833000002690824]",17,1,7,0,0
n16_0009,16,4,5,c_without_defect_budget,3,0.00043710000136343297,"[0.0004332999997131992, 0.00043710000136343297, 0.0004427999992913101]",17,1,7,0,0
n16_0009,16,4,5,c_without_zero_defect_special_solver,3,0.00043849999929079786,"[0.00043849999929079786, 0.0004470000003493624, 0.0004317999992053956]",17,1,7,0,0
n16_0009,16,4,5,c_without_failed_state_memoization,3,0.0008280000001832377,"[0.0008280000001832377, 0.00044519999937620014, 0.0008692000010341872]",17,1,7,0,0
n16_0009,16,4,5,c_without_near_leaf_maximality_pruning,3,0.0008470000011584489,"[0.0008470000011584489, 0.0008221999996749219, 0.0011421999988669995]",68,15,0,0,0
n16_0010,16,4,5,c_full,3,0.0005348000013327692,"[0.0011374999994586688, 0.0005321000007825205, 0.0005348000013327692]",24,6,8,0,0
n16_0010,16,4,5,c_without_defect_budget,3,0.0009310000004916219,"[0.0009950999992724974, 0.0009310000004916219, 0.0005312000012054341]",24,6,8,0,0
n16_0010,16,4,5,c_without_zero_defect_special_solver,3,0.0005404999992606463,"[0.0005392000002757413, 0.0005505999997694744, 0.0005404999992606463]",24,6,8,0,0
n16_0010,16,4,5,c_without_failed_state_memoization,3,0.0005189000003156252,"[0.0005113999995955965, 0.0008304999992105877, 0.0005189000003156252]",24,6,8,0,0
n16_0010,16,4,5,c_without_near_leaf_maximality_pruning,3,0.000562299999728566,"[0.000562299999728566, 0.000564799998755916, 0.0005483999993884936]",40,10,0,0,0
n16_0011,16,4,5,c_full,3,0.0006477000006270828,"[0.0006477000006270828, 0.0003956000000471249, 0.0006972000010136981]",14,1,4,0,0
n16_0011,16,4,5,c_without_defect_budget,3,0.0006494000008387957,"[0.0004153000008955132, 0.0006525000007968629, 0.0006494000008387957]",14,1,4,0,0
n16_0011,16,4,5,c_without_zero_defect_special_solver,3,0.00047530000119877513,"[0.0004619999999704305, 0.00047530000119877513, 0.0006489999996119877]",14,1,4,0,0
n16_0011,16,4,5,c_without_failed_state_memoization,3,0.0004116000000067288,"[0.00039599999945494346, 0.0006658000002062181, 0.0004116000000067288]",14,1,4,0,0
n16_0011,16,4,5,c_without_near_leaf_maximality_pruning,3,0.0005987000004097354,"[0.0009192999987135408, 0.0005987000004097354, 0.000504400000863825]",35,5,0,0,0
n16_0012,16,4,5,c_full,3,0.0008395000004384201,"[0.0011304999989079079, 0.0007004999988566851, 0.0008395000004384201]",45,1,4,0,0
n16_0012,16,4,5,c_without_defect_budget,3,0.0012318999997660285,"[0.0013221000008343253, 0.0012318999997660285, 0.0008471000001009088]",45,1,4,0,0
n16_0012,16,4,5,c_without_zero_defect_special_solver,3,0.0009371000014652964,"[0.0009371000014652964, 0.0012444000003597466, 0.0006888000007165829]",45,1,4,0,0
n16_0012,16,4,5,c_without_failed_state_memoization,3,0.0009378000013384735,"[0.0012185999985376839, 0.0009378000013384735, 0.0006939000013517216]",45,1,4,0,0
n16_0012,16,4,5,c_without_near_leaf_maximality_pruning,3,0.0009255999993911246,"[0.0009255999993911246, 0.00090480000108073, 0.0013711000010516727]",84,11,0,0,0
n16_0013,16,4,5,c_full,3,0.0006666999997833045,"[0.0006666999997833045, 0.0010364000008848961, 0.0006594000005861744]",30,1,10,0,0
n16_0013,16,4,5,c_without_defect_budget,3,0.0006684999989374774,"[0.0006684999989374774, 0.0006378999987646239, 0.0008919000010791933]",30,1,10,0,0
n16_0013,16,4,5,c_without_zero_defect_special_solver,3,0.0006481000000349013,"[0.0006481000000349013, 0.000876300000527408, 0.0006170999986352399]",30,1,10,0,0
n16_0013,16,4,5,c_without_failed_state_memoization,3,0.0006224999997357372,"[0.0011450000001786975, 0.0006224999997357372, 0.0006190999993123114]",30,1,10,0,0
n16_0013,16,4,5,c_without_near_leaf_maximality_pruning,3,0.0009043000009114621,"[0.0009043000009114621, 0.0007882999998400919, 0.0013560999996116152]",62,8,0,0,0
n16_0014,16,4,5,c_full,3,0.0006647000009252224,"[0.000820499999463209, 0.0006647000009252224, 0.0005975999993097503]",31,1,5,0,0
n16_0014,16,4,5,c_without_defect_budget,3,0.0006755000013072276,"[0.0006307000003289431, 0.0009143999996013008, 0.0006755000013072276]",31,1,5,0,0
n16_0014,16,4,5,c_without_zero_defect_special_solver,3,0.0007087000012688804,"[0.0006647999998676823, 0.0010632000012265053, 0.0007087000012688804]",31,1,5,0,0
n16_0014,16,4,5,c_without_failed_state_memoization,3,0.0006184999983815942,"[0.0006184999983815942, 0.0008373000000574393, 0.000597399999605841]",31,1,5,0,0
n16_0014,16,4,5,c_without_near_leaf_maximality_pruning,3,0.0009591000016371254,"[0.0009591000016371254, 0.000716900000043097, 0.0012784999998984858]",61,5,0,0,0
n16_0015,16,4,5,c_full,3,0.00033320000147796236,"[0.00031739999940327834, 0.00033320000147796236, 0.0005471000004035886]",7,1,0,0,0
n16_0015,16,4,5,c_without_defect_budget,3,0.00031089999902178533,"[0.0003110999987256946, 0.00031040000067150686, 0.00031089999902178533]",7,1,0,0,0
n16_0015,16,4,5,c_without_zero_defect_special_solver,3,0.0005006999999750406,"[0.0005006999999750406, 0.0005488000006153015, 0.00034020000020973384]",7,1,0,0,0
n16_0015,16,4,5,c_without_failed_state_memoization,3,0.00031409999974130187,"[0.0003120000001217704, 0.00031409999974130187, 0.0003214999996998813]",7,1,0,0,0
n16_0015,16,4,5,c_without_near_leaf_maximality_pruning,3,0.0002846000006684335,"[0.0002846000006684335, 0.00042889999895123765, 0.0002765000008366769]",8,2,0,0,0
n16_0016,16,4,5,c_full,3,0.0004917999995086575,"[0.0007522000014432706, 0.0004917999995086575, 0.00042829999983950984]",12,4,4,0,0
n16_0016,16,4,5,c_without_defect_budget,3,0.0004581000011967262,"[0.0004489999992074445, 0.0006182999986776849, 0.0004581000011967262]",12,4,4,0,0
n16_0016,16,4,5,c_without_zero_defect_special_solver,3,0.00047509999967587646,"[0.00044580000030691735, 0.0006668999994872138, 0.00047509999967587646]",12,4,4,0,0
n16_0016,16,4,5,c_without_failed_state_memoization,3,0.00045139999929233454,"[0.00045139999929233454, 0.0005268999993859325, 0.00043650000043271575]",12,4,4,0,0
n16_0016,16,4,5,c_without_near_leaf_maximality_pruning,3,0.0005242000006546732,"[0.0009522000000288244, 0.00048600000081933104, 0.0005242000006546732]",33,4,0,0,0
n16_0017,16,4,5,c_full,3,0.0003175999991071876,"[0.0003175999991071876, 0.0004828000000998145, 0.00031350000062957406]",5,1,0,0,0
n16_0017,16,4,5,c_without_defect_budget,3,0.00047090000043681357,"[0.0006787000002077548, 0.00047090000043681357, 0.000421200000346289]",5,1,0,0,0
n16_0017,16,4,5,c_without_zero_defect_special_solver,3,0.0003162000011798227,"[0.0003162000011798227, 0.0002899999999499414, 0.0003557999989425298]",5,1,0,0,0
n16_0017,16,4,5,c_without_failed_state_memoization,3,0.000307400001474889,"[0.000307400001474889, 0.00032359999931941275, 0.0003049000006285496]",5,1,0,0,0
n16_0017,16,4,5,c_without_near_leaf_maximality_pruning,3,0.00023780000083206687,"[0.000246300000071642, 0.0002375999993091682, 0.00023780000083206687]",5,1,0,0,0
n16_0018,16,4,5,c_full,3,0.0003661999999167165,"[0.00034299999970244244, 0.0003661999999167165, 0.0007919999989098869]",6,1,1,0,0
n16_0018,16,4,5,c_without_defect_budget,3,0.00042660000144678634,"[0.0006155999999464257, 0.0003391999998711981, 0.00042660000144678634]",6,1,1,0,0
n16_0018,16,4,5,c_without_zero_defect_special_solver,3,0.00036240000008547213,"[0.00036240000008547213, 0.00033540000003995374, 0.00036689999978989363]",6,1,1,0,0
n16_0018,16,4,5,c_without_failed_state_memoization,3,0.00037630000042554457,"[0.0005237000004854053, 0.0003298999999969965, 0.00037630000042554457]",6,1,1,0,0
n16_0018,16,4,5,c_without_near_leaf_maximality_pruning,3,0.0003083000010519754,"[0.00029370000083872583, 0.0003083000010519754, 0.00030949999927543104]",8,3,0,0,0
n16_0019,16,4,5,c_full,3,0.00030360000164364465,"[0.00030360000164364465, 0.0002994999995280523, 0.00030949999927543104]",5,1,0,0,0
n16_0019,16,4,5,c_without_defect_budget,3,0.00045649999992747325,"[0.00029799999902024865, 0.00045649999992747325, 0.0007341000000451459]",5,1,0,0,0
n16_0019,16,4,5,c_without_zero_defect_special_solver,3,0.0003085000007558847,"[0.0003015000002051238, 0.00037459999839484226, 0.0003085000007558847]",5,1,0,0,0
n16_0019,16,4,5,c_without_failed_state_memoization,3,0.00039149999975052197,"[0.00039149999975052197, 0.0008710999991308199, 0.0003112999984296039]",5,1,0,0,0
n16_0019,16,4,5,c_without_near_leaf_maximality_pruning,3,0.0002524999999877764,"[0.0002334000000701053, 0.0002524999999877764, 0.0003851999990729382]",5,1,0,0,0
n16_0020,16,4,5,c_full,3,0.00034419999974488746,"[0.0003220000016881386, 0.00034419999974488746, 0.0006137000000308035]",5,1,0,0,0
n16_0020,16,4,5,c_without_defect_budget,3,0.00038610000046901405,"[0.00038610000046901405, 0.0005536000007850816, 0.0003006000006280374]",5,1,0,0,0
n16_0020,16,4,5,c_without_zero_defect_special_solver,3,0.0003530999983922811,"[0.00030440000045928173, 0.0003530999983922811, 0.0006456999999500113]",5,1,0,0,0
n16_0020,16,4,5,c_without_failed_state_memoization,3,0.00030929999957152177,"[0.00030929999957152177, 0.0002992000008816831, 0.000377200000002631]",5,1,0,0,0
n16_0020,16,4,5,c_without_near_leaf_maximality_pruning,3,0.00038560000029974617,"[0.00038160000076459255, 0.00038560000029974617, 0.0004090000002179295]",6,2,0,0,0
n16_0021,16,4,5,c_full,3,0.0003011999997397652,"[0.0003011999997397652, 0.0003032000004168367, 0.00029859999995096587]",5,1,0,0,0
n16_0021,16,4,5,c_without_defect_budget,3,0.00030440000045928173,"[0.0007130000012693927, 0.00030420000075537246, 0.00030440000045928173]",5,1,0,0,0
n16_0021,16,4,5,c_without_zero_defect_special_solver,3,0.00032579999970039353,"[0.00032579999970039353, 0.000304600000163191, 0.0003271000005042879]",5,1,0,0,0
n16_0021,16,4,5,c_without_failed_state_memoization,3,0.00031430000126420055,"[0.0006199999988893978, 0.0003001000004587695, 0.00031430000126420055]",5,1,0,0,0
n16_0021,16,4,5,c_without_near_leaf_maximality_pruning,3,0.00024680000024090987,"[0.0003493000003800262, 0.00024680000024090987, 0.00023349999901256524]",5,1,0,0,0
n16_0022,16,4,5,c_full,3,0.0003524999992805533,"[0.0003451999982644338, 0.0005043000001023756, 0.0003524999992805533]",7,1,2,0,0
n16_0022,16,4,5,c_without_defect_budget,3,0.0003555000002961606,"[0.0003512999992381083, 0.0003555000002961606, 0.00042130000110773835]",7,1,2,0,0
n16_0022,16,4,5,c_without_zero_defect_special_solver,3,0.000532500000190339,"[0.000532500000190339, 0.0004135999988648109, 0.0006019000011292519]",7,1,2,0,0
n16_0022,16,4,5,c_without_failed_state_memoization,3,0.000439500001448323,"[0.0003389000012248289, 0.000493800000185729, 0.000439500001448323]",7,1,2,0,0
n16_0022,16,4,5,c_without_near_leaf_maximality_pruning,3,0.00036780000118596945,"[0.00036780000118596945, 0.0003758000002562767, 0.0003581000000849599]",18,3,0,0,0
n16_0023,16,4,5,c_full,3,0.0005827000004501315,"[0.0004059000002598623, 0.0005827000004501315, 0.000611699999353732]",6,1,0,0,0
n16_0023,16,4,5,c_without_defect_budget,3,0.0003164999998261919,"[0.0003164999998261919, 0.000311100000544684, 0.0003189999988535419]",6,1,0,0,0
n16_0023,16,4,5,c_without_zero_defect_special_solver,3,0.0003512999992381083,"[0.00033119999898190144, 0.0005252999999356689, 0.0003512999992381083]",6,1,0,0,0
n16_0023,16,4,5,c_without_failed_state_memoization,3,0.0003724999987753108,"[0.00037059999885968864, 0.0003724999987753108, 0.0003732999994099373]",6,1,0,0,0
n16_0023,16,4,5,c_without_near_leaf_maximality_pruning,3,0.00026530000104685314,"[0.0004391000002215151, 0.00026530000104685314, 0.00026530000104685314]",8,3,0,0,0
n16_0024,16,4,5,c_full,3,0.0005632999982481124,"[0.000935800000661402, 0.0005632999982481124, 0.00037169999995967373]",9,1,2,0,0
n16_0024,16,4,5,c_without_defect_budget,3,0.0005516000001080101,"[0.0007046999999147374, 0.0005516000001080101, 0.0003448999996180646]",9,1,2,0,0
n16_0024,16,4,5,c_without_zero_defect_special_solver,3,0.0003937999990739627,"[0.0003412000005482696, 0.0005770999996457249, 0.0003937999990739627]",9,1,2,0,0
n16_0024,16,4,5,c_without_failed_state_memoization,3,0.00042919999941659626,"[0.00043799999912153, 0.000369400000636233, 0.00042919999941659626]",9,1,2,0,0
n16_0024,16,4,5,c_without_near_leaf_maximality_pruning,3,0.000291599999400205,"[0.0002929999991465593, 0.000291599999400205, 0.00029040000117674936]",11,3,0,0,0
n16_0025,16,4,5,c_full,3,0.00035229999957664404,"[0.0003527999997459119, 0.00035229999957664404, 0.00033209999855898786]",7,1,2,0,0
n16_0025,16,4,5,c_without_defect_budget,3,0.0005579000007855939,"[0.0003488000002107583, 0.0007292000009329058, 0.0005579000007855939]",7,1,2,0,0
n16_0025,16,4,5,c_without_zero_defect_special_solver,3,0.00035199999911128543,"[0.00041740000051504467, 0.0003496999997878447, 0.00035199999911128543]",7,1,2,0,0
n16_0025,16,4,5,c_without_failed_state_memoization,3,0.0003426000002946239,"[0.0003359000002092216, 0.0005493000007845694, 0.0003426000002946239]",7,1,2,0,0
n16_0025,16,4,5,c_without_near_leaf_maximality_pruning,3,0.0002953000002889894,"[0.00029529999847, 0.0002953000002889894, 0.0002986999988934258]",9,3,0,0,0
n16_0026,16,4,5,c_full,3,0.00031999999919207767,"[0.0003052000010939082, 0.0003226000007998664, 0.00031999999919207767]",6,2,0,0,0
n16_0026,16,4,5,c_without_defect_budget,3,0.0003214999996998813,"[0.00033210000037797727, 0.0003214999996998813, 0.00031290000151784625]",6,2,0,0,0
n16_0026,16,4,5,c_without_zero_defect_special_solver,3,0.0004702000005636364,"[0.0003142000005027512, 0.0004702000005636364, 0.0005338999999366933]",6,2,0,0,0
n16_0026,16,4,5,c_without_failed_state_memoization,3,0.0003175000001647277,"[0.0005710000004910398, 0.0003175000001647277, 0.0003125000002910383]",6,2,0,0,0
n16_0026,16,4,5,c_without_near_leaf_maximality_pruning,3,0.0002668999986781273,"[0.0002668999986781273, 0.00025429999914194923, 0.0004141000008530682]",6,2,0,0,0
n16_0027,16,4,5,c_full,3,0.00030359999982465524,"[0.0003037999995285645, 0.0002965000003314344, 0.00030359999982465524]",5,1,0,0,0
n16_0027,16,4,5,c_without_defect_budget,3,0.00030449999940174166,"[0.00030449999940174166, 0.0003097000007983297, 0.00030310000147437677]",5,1,0,0,0
n16_0027,16,4,5,c_without_zero_defect_special_solver,3,0.0003541000005498063,"[0.0002929999991465593, 0.0004214999989926582, 0.0003541000005498063]",5,1,0,0,0
n16_0027,16,4,5,c_without_failed_state_memoization,3,0.00029710000126215164,"[0.00029710000126215164, 0.0002965000003314344, 0.0005256999993434874]",5,1,0,0,0
n16_0027,16,4,5,c_without_near_leaf_maximality_pruning,3,0.00024450000091746915,"[0.0002798999994411133, 0.00024450000091746915, 0.00024110000049404334]",6,2,0,0,0
n16_0028,16,4,5,c_full,3,0.0003451000011409633,"[0.00039459999970858917, 0.0003451000011409633, 0.0003317000009701587]",9,1,2,0,0
n16_0028,16,4,5,c_without_defect_budget,3,0.00033069999881263357,"[0.00032950000058917794, 0.0003470999999990454, 0.00033069999881263357]",9,1,2,0,0
n16_0028,16,4,5,c_without_zero_defect_special_solver,3,0.0003395000003365567,"[0.0003394999985175673, 0.0003395000003365567, 0.0003403999999136431]",9,1,2,0,0
n16_0028,16,4,5,c_without_failed_state_memoization,3,0.000420000000303844,"[0.0005094000007375143, 0.000420000000303844, 0.00032839999948919285]",9,1,2,0,0
n16_0028,16,4,5,c_without_near_leaf_maximality_pruning,3,0.0003022999990207609,"[0.000468100000944105, 0.0003022999990207609, 0.00027860000045620836]",11,3,0,0,0
n16_0029,16,4,5,c_full,3,0.00034330000016780104,"[0.00034330000016780104, 0.0003318999988550786, 0.0003479999995761318]",9,1,1,0,0
n16_0029,16,4,5,c_without_defect_budget,3,0.0003972000013163779,"[0.0003511000013531884, 0.0005063999997219071, 0.0003972000013163779]",9,1,1,0,0
n16_0029,16,4,5,c_without_zero_defect_special_solver,3,0.0003446000009716954,"[0.00034980000054929405, 0.0003339000013511395, 0.0003446000009716954]",9,1,1,0,0
n16_0029,16,4,5,c_without_failed_state_memoization,3,0.0003403999999136431,"[0.0003403999999136431, 0.00034159999995608814, 0.0003378000001248438]",9,1,1,0,0
n16_0029,16,4,5,c_without_near_leaf_maximality_pruning,3,0.000370699999621138,"[0.0002908000005845679, 0.0006395999989763368, 0.000370699999621138]",10,2,0,0,0
n16_0030,16,4,5,c_full,3,0.0002967000000353437,"[0.0002967000000353437, 0.00030589999914809596, 0.00029539999923144933]",5,1,0,0,0
n16_0030,16,4,5,c_without_defect_budget,3,0.0003190000006725313,"[0.0004028000003017951, 0.0003171999996993691, 0.0003190000006725313]",5,1,0,0,0
n16_0030,16,4,5,c_without_zero_defect_special_solver,3,0.00030920000062906183,"[0.0005221999999776017, 0.0003059999999095453, 0.00030920000062906183]",5,1,0,0,0
n16_0030,16,4,5,c_without_failed_state_memoization,3,0.00048070000048028305,"[0.0004637000001821434, 0.0009838999994826736, 0.00048070000048028305]",5,1,0,0,0
n16_0030,16,4,5,c_without_near_leaf_maximality_pruning,3,0.00027490000138641335,"[0.0005242000006546732, 0.00027490000138641335, 0.00026989999969373457]",6,2,0,0,0
n16_0031,16,4,5,c_full,3,0.00036279999949329067,"[0.00038560000029974617, 0.00036279999949329067, 0.0003367000008438481]",8,1,0,0,0
n16_0031,16,4,5,c_without_defect_budget,3,0.00033149999944726005,"[0.0003313999986858107, 0.00033149999944726005, 0.0003452000000834232]",8,1,0,0,0
n16_0031,16,4,5,c_without_zero_defect_special_solver,3,0.0003391999998711981,"[0.0003250999998272164, 0.0003391999998711981, 0.0005459000003611436]",8,1,0,0,0
n16_0031,16,4,5,c_without_failed_state_memoization,3,0.0005173999998078216,"[0.00032640000063111074, 0.0005784999993920792, 0.0005173999998078216]",8,1,0,0,0
n16_0031,16,4,5,c_without_near_leaf_maximality_pruning,3,0.00026330000036978163,"[0.00025519999871903565, 0.00026330000036978163, 0.00026509999952395447]",8,1,0,0,0
n16_0032,16,4,5,c_full,3,0.0003725000005943002,"[0.0006719000011798926, 0.0003725000005943002, 0.00036809999983233865]",9,3,0,0,0
n16_0032,16,4,5,c_without_defect_budget,3,0.0005909000010433374,"[0.00039120000110415276, 0.0005909000010433374, 0.0006314999991445802]",9,3,0,0,0
n16_0032,16,4,5,c_without_zero_defect_special_solver,3,0.0003710000000864966,"[0.000785300000643474, 0.0003704999999172287, 0.0003710000000864966]",9,3,0,0,0
n16_0032,16,4,5,c_without_failed_state_memoization,3,0.00038580000000365544,"[0.0004602999997587176, 0.0003684999992401572, 0.00038580000000365544]",9,3,0,0,0
n16_0032,16,4,5,c_without_near_leaf_maximality_pruning,3,0.00031240000134857837,"[0.00031240000134857837, 0.0003059999999095453, 0.0006009999997331761]",10,4,0,0,0
n16_0033,16,4,5,c_full,3,0.0003575000009732321,"[0.00046459999975922983, 0.00033230000008188654, 0.0003575000009732321]",6,1,1,0,0
n16_0033,16,4,5,c_without_defect_budget,3,0.0006241000010049902,"[0.0006241000010049902, 0.00042579999899317045, 0.0006917999999132007]",6,1,1,0,0
n16_0033,16,4,5,c_without_zero_defect_special_solver,3,0.000325400000292575,"[0.00032900000041991007, 0.0003252000005886657, 0.000325400000292575]",6,1,1,0,0
n16_0033,16,4,5,c_without_failed_state_memoization,3,0.00038069999936851673,"[0.00038069999936851673, 0.0004917000005661976, 0.000330299999404815]",6,1,1,0,0
n16_0033,16,4,5,c_without_near_leaf_maximality_pruning,3,0.0002731000004132511,"[0.0002731000004132511, 0.00032809999902383424, 0.00026760000037029386]",7,2,0,0,0
n16_0034,16,4,5,c_full,3,0.0003126999999949476,"[0.0003126999999949476, 0.00030139999944367446, 0.0005333999997674255]",5,1,0,0,0
n16_0034,16,4,5,c_without_defect_budget,3,0.0003054999997402774,"[0.00029260000155773014, 0.0005173000008653617, 0.0003054999997402774]",5,1,0,0,0
n16_0034,16,4,5,c_without_zero_defect_special_solver,3,0.00030249999872467015,"[0.0004747000002680579, 0.00030249999872467015, 0.0003018000006704824]",5,1,0,0,0
n16_0034,16,4,5,c_without_failed_state_memoization,3,0.0003039999992324738,"[0.0005439000015030615, 0.0003039999992324738, 0.0002982000005431473]",5,1,0,0,0
n16_0034,16,4,5,c_without_near_leaf_maximality_pruning,3,0.0002614999993966194,"[0.00026059999981953297, 0.0002614999993966194, 0.00031429999944521114]",6,2,0,0,0
n16_0035,16,4,5,c_full,3,0.00030759999935980886,"[0.000299299999824143, 0.0003147000006720191, 0.00030759999935980886]",5,1,0,0,0
n16_0035,16,4,5,c_without_defect_budget,3,0.0003161999993608333,"[0.00031209999906423036, 0.0003161999993608333, 0.0003262999998696614]",5,1,0,0,0
n16_0035,16,4,5,c_without_zero_defect_special_solver,3,0.00030929999957152177,"[0.00029279999944265, 0.000417500001276494, 0.00030929999957152177]",5,1,0,0,0
n16_0035,16,4,5,c_without_failed_state_memoization,3,0.00031850000050326344,"[0.0003049000006285496, 0.00031850000050326344, 0.00039399999877787195]",5,1,0,0,0
n16_0035,16,4,5,c_without_near_leaf_maximality_pruning,3,0.00023409999994328246,"[0.0002244000006612623, 0.00038049999966460746, 0.00023409999994328246]",5,1,0,0,0
n16_0036,16,4,5,c_full,3,0.00030839999999443535,"[0.00030839999999443535, 0.00030810000134806614, 0.0003156000002491055]",5,1,0,0,0
n16_0036,16,4,5,c_without_defect_budget,3,0.00037680000059481245,"[0.00030920000062906183, 0.00037680000059481245, 0.0003911000003427034]",5,1,0,0,0
n16_0036,16,4,5,c_without_zero_defect_special_solver,3,0.0003128000007563969,"[0.0003816999997070525, 0.000301799998851493, 0.0003128000007563969]",5,1,0,0,0
n16_0036,16,4,5,c_without_failed_state_memoization,3,0.0003253999984735856,"[0.0005696000007446855, 0.0003253999984735856, 0.0003221000006305985]",5,1,0,0,0
n16_0036,16,4,5,c_without_near_leaf_maximality_pruning,3,0.000282599999991362,"[0.000282599999991362, 0.00030030000016267877, 0.0002764999990176875]",5,1,0,0,0
n16_0037,16,4,5,c_full,3,0.00043059999916295055,"[0.000740100000257371, 0.0003862000012304634, 0.00043059999916295055]",10,4,0,0,0
n16_0037,16,4,5,c_without_defect_budget,3,0.0003845999999612104,"[0.0003845999999612104, 0.0007182999997894512, 0.0003803999989031581]",10,4,0,0,0
n16_0037,16,4,5,c_without_zero_defect_special_solver,3,0.0005032999997638399,"[0.0005156999995961087, 0.00038779999886173755, 0.0005032999997638399]",10,4,0,0,0
n16_0037,16,4,5,c_without_failed_state_memoization,3,0.0003899000003002584,"[0.0003899000003002584, 0.00038499999936902896, 0.000506800000948715]",10,4,0,0,0
n16_0037,16,4,5,c_without_near_leaf_maximality_pruning,3,0.00033769999936339445,"[0.0003279000011389144, 0.00033960000109800603, 0.00033769999936339445]",10,4,0,0,0
n16_0038,16,4,5,c_full,3,0.0009537000005366281,"[0.0009343000001535984, 0.0009537000005366281, 0.0009635000005800975]",52,38,2,0,0
n16_0038,16,4,5,c_without_defect_budget,3,0.0015741000006528338,"[0.0010939999992842786, 0.0015741000006528338, 0.0018840000011550728]",52,38,2,0,0
n16_0038,16,4,5,c_without_zero_defect_special_solver,3,0.0010297000007994939,"[0.0012279000002308749, 0.0010297000007994939, 0.0009552999999868916]",52,38,2,0,0
n16_0038,16,4,5,c_without_failed_state_memoization,3,0.0009626000010030111,"[0.0009626000010030111, 0.0012451999991753837, 0.0009551000002829824]",52,38,2,0,0
n16_0038,16,4,5,c_without_near_leaf_maximality_pruning,3,0.0010030999983428046,"[0.0010030999983428046, 0.0011793000012403354, 0.0008381999996345257]",59,45,0,0,0
n16_0039,16,4,5,c_full,3,0.0012588999998115469,"[0.001210700000228826, 0.002117300000463729, 0.0012588999998115469]",70,50,1,0,0
n16_0039,16,4,5,c_without_defect_budget,3,0.0012401000003592344,"[0.0012401000003592344, 0.0012715000011667144, 0.0012333000013313722]",70,50,1,0,0
n16_0039,16,4,5,c_without_zero_defect_special_solver,3,0.001249499999175896,"[0.001249499999175896, 0.0012374000016279751, 0.0012665999984164955]",70,50,1,0,0
n16_0039,16,4,5,c_without_failed_state_memoization,3,0.0014592000006814487,"[0.0014592000006814487, 0.0013699999999516876, 0.0021297999992384575]",70,50,1,0,0
n16_0039,16,4,5,c_without_near_leaf_maximality_pruning,3,0.001061499999195803,"[0.001070300000719726, 0.0010366000005888054, 0.001061499999195803]",77,57,0,0,0
n16_0040,16,4,5,c_full,3,0.0004878999989159638,"[0.00033230000008188654, 0.0006157999996503349, 0.0004878999989159638]",5,1,0,0,0
n16_0040,16,4,5,c_without_defect_budget,3,0.0005614999990939396,"[0.0006035999995219754, 0.0003485000015643891, 0.0005614999990939396]",5,1,0,0,0
n16_0040,16,4,5,c_without_zero_defect_special_solver,3,0.00036240000008547213,"[0.00036240000008547213, 0.000523599999723956, 0.0003417999996599974]",5,1,0,0,0
n16_0040,16,4,5,c_without_failed_state_memoization,3,0.0005342999993445119,"[0.0005344000001059612, 0.0003901999989466276, 0.0005342999993445119]",5,1,0,0,0
n16_0040,16,4,5,c_without_near_leaf_maximality_pruning,3,0.0002666000000317581,"[0.0002627000012580538, 0.0002666000000317581, 0.00026789999901666306]",5,1,0,0,0
n16_0041,16,4,5,c_full,3,0.0005206999994697981,"[0.00033830000029411167, 0.0005206999994697981, 0.0005497999991348479]",5,1,0,0,0
n16_0041,16,4,5,c_without_defect_budget,3,0.0003666000011435244,"[0.0003666000011435244, 0.0003210000013496028, 0.00039879999894765206]",5,1,0,0,0
n16_0041,16,4,5,c_without_zero_defect_special_solver,3,0.0003204000004188856,"[0.0005270000001473818, 0.00031940000008034986, 0.0003204000004188856]",5,1,0,0,0
n16_0041,16,4,5,c_without_failed_state_memoization,3,0.0003383999992365716,"[0.00031660000058764126, 0.00045980000140843913, 0.0003383999992365716]",5,1,0,0,0
n16_0041,16,4,5,c_without_near_leaf_maximality_pruning,3,0.00031510000007983763,"[0.0005172000001039123, 0.00031510000007983763, 0.0002843999991455348]",6,2,0,0,0
n16_0042,16,4,5,c_full,3,0.0003307999995740829,"[0.0003307999995740829, 0.000334399999701418, 0.0003285000002506422]",6,2,0,0,0
n16_0042,16,4,5,c_without_defect_budget,3,0.00054929999896558,"[0.000325400000292575, 0.00054929999896558, 0.0005956000004516682]",6,2,0,0,0
n16_0042,16,4,5,c_without_zero_defect_special_solver,3,0.0003600000000005821,"[0.0003600000000005821, 0.0003842000005533919, 0.0003422999998292653]",6,2,0,0,0
n16_0042,16,4,5,c_without_failed_state_memoization,3,0.0005508999984158436,"[0.0005146999992575729, 0.0005508999984158436, 0.0006541000002471264]",6,2,0,0,0
n16_0042,16,4,5,c_without_near_leaf_maximality_pruning,3,0.00048470000001543667,"[0.00048470000001543667, 0.000549600001249928, 0.00035519999983080197]",6,2,0,0,0
n16_0043,16,4,5,c_full,3,0.00032780000037746504,"[0.00044130000060249586, 0.00032780000037746504, 0.0003226999997423263]",7,3,0,0,0
n16_0043,16,4,5,c_without_defect_budget,3,0.0003259999994043028,"[0.00032559999999648426, 0.0003376000004209345, 0.0003259999994043028]",7,3,0,0,0
n16_0043,16,4,5,c_without_zero_defect_special_solver,3,0.0005252999999356689,"[0.0005252999999356689, 0.0003264999995735707, 0.0005848000000696629]",7,3,0,0,0
n16_0043,16,4,5,c_without_failed_state_memoization,3,0.000338099998771213,"[0.0017798000008042436, 0.000338099998771213, 0.00032410000130767]",7,3,0,0,0
n16_0043,16,4,5,c_without_near_leaf_maximality_pruning,3,0.0004459000010683667,"[0.0003968999990320299, 0.0004998999993404141, 0.0004459000010683667]",7,3,0,0,0
n16_0044,16,4,5,c_full,3,0.0003288000007160008,"[0.0003268000000389293, 0.0005016000013711164, 0.0003288000007160008]",5,1,0,0,0
n16_0044,16,4,5,c_without_defect_budget,3,0.0003438000003370689,"[0.0003326999994897051, 0.0003515999997034669, 0.0003438000003370689]",5,1,0,0,0
n16_0044,16,4,5,c_without_zero_defect_special_solver,3,0.000356399999873247,"[0.0006644000004598638, 0.000356399999873247, 0.00033149999944726005]",5,1,0,0,0
n16_0044,16,4,5,c_without_failed_state_memoization,3,0.0003822999988187803,"[0.0003822999988187803, 0.00034330000016780104, 0.00039740000102028716]",5,1,0,0,0
n16_0044,16,4,5,c_without_near_leaf_maximality_pruning,3,0.0003023999997822102,"[0.0003544999999576248, 0.0003023999997822102, 0.00029070000164210796]",5,1,0,0,0
n16_0045,16,4,5,c_full,3,0.00033660000008239876,"[0.00035629999911179766, 0.0003264999995735707, 0.00033660000008239876]",5,1,0,0,0
n16_0045,16,4,5,c_without_defect_budget,3,0.00043759999971371144,"[0.00043759999971371144, 0.0003484999997453997, 0.0004802000003110152]",5,1,0,0,0
n16_0045,16,4,5,c_without_zero_defect_special_solver,3,0.0005255999985820381,"[0.0005283999998937361, 0.0003271000005042879, 0.0005255999985820381]",5,1,0,0,0
n16_0045,16,4,5,c_without_failed_state_memoization,3,0.00032889999965846073,"[0.0003268999989813892, 0.00032889999965846073, 0.00036189999991620425]",5,1,0,0,0
n16_0045,16,4,5,c_without_near_leaf_maximality_pruning,3,0.00032049999936134554,"[0.00028729999939969275, 0.00046889999975974206, 0.00032049999936134554]",6,2,0,0,0
n16_0046,16,4,5,c_full,3,0.0022259000015765196,"[0.0019701000001077773, 0.0022259000015765196, 0.0027769000007538125]",79,56,4,0,0
n16_0046,16,4,5,c_without_defect_budget,3,0.0015272000000550179,"[0.001494599999205093, 0.0015272000000550179, 0.0015636999996786471]",79,56,4,0,0
n16_0046,16,4,5,c_without_zero_defect_special_solver,3,0.0014796000014030142,"[0.002638100000694976, 0.0014745999997103354, 0.0014796000014030142]",79,56,4,0,0
n16_0046,16,4,5,c_without_failed_state_memoization,3,0.0017855000005511101,"[0.0017855000005511101, 0.0014817999999650056, 0.0020619999995687976]",79,56,4,0,0
n16_0046,16,4,5,c_without_near_leaf_maximality_pruning,3,0.0013104000008752337,"[0.0013104000008752337, 0.0024116000004141824, 0.0012913000009575626]",90,67,0,0,0
n16_0083,16,4,5,c_full,3,0.001933699999426608,"[0.001933699999426608, 0.0021350000006350456, 0.0014203999999153893]",71,51,1,0,0
n16_0083,16,4,5,c_without_defect_budget,3,0.001530899999124813,"[0.0014338999990286538, 0.001530899999124813, 0.00218969999878027]",71,51,1,0,0
n16_0083,16,4,5,c_without_zero_defect_special_solver,3,0.0022902000000613043,"[0.001762700001563644, 0.0022902000000613043, 0.0024659999999130378]",71,51,1,0,0
n16_0083,16,4,5,c_without_failed_state_memoization,3,0.0014241999997466337,"[0.0013806000006297836, 0.0014241999997466337, 0.0015786999992997153]",71,51,1,0,0
n16_0083,16,4,5,c_without_near_leaf_maximality_pruning,3,0.0012650000007852213,"[0.001788599998690188, 0.0011517999992065597, 0.0012650000007852213]",77,57,0,0,0
n16_0166,16,4,5,c_full,3,0.00046919999840611126,"[0.0005270000001473818, 0.0004650000009860378, 0.00046919999840611126]",15,10,0,0,0
n16_0166,16,4,5,c_without_defect_budget,3,0.0004695999996329192,"[0.0004611000003933441, 0.000600200000917539, 0.0004695999996329192]",15,10,0,0,0
n16_0166,16,4,5,c_without_zero_defect_special_solver,3,0.0004788999995071208,"[0.0004788999995071208, 0.0004635999994206941, 0.00048040000001492444]",15,10,0,0,0
n16_0166,16,4,5,c_without_failed_state_memoization,3,0.000785399999585934,"[0.000785399999585934, 0.0005870000004506437, 0.0008421000002272194]",15,10,0,0,0
n16_0166,16,4,5,c_without_near_leaf_maximality_pruning,3,0.0004003999983979156,"[0.00039629999992030207, 0.0004003999983979156, 0.0006652000010944903]",15,10,0,0,0
n16_0248,16,4,5,c_full,3,0.0005127999993419508,"[0.00041910000072675757, 0.0005936000015935861, 0.0005127999993419508]",7,1,1,0,0
n16_0248,16,4,5,c_without_defect_budget,3,0.0004101000013179146,"[0.0004089999983989401, 0.0004101000013179146, 0.00043799999912153]",7,1,1,0,0
n16_0248,16,4,5,c_without_zero_defect_special_solver,3,0.0006314000002021203,"[0.0006964000003790716, 0.0006314000002021203, 0.0004305000002204906]",7,1,1,0,0
n16_0248,16,4,5,c_without_failed_state_memoization,3,0.0007131000002118526,"[0.0006683999999950174, 0.0007131000002118526, 0.0007587000000057742]",7,1,1,0,0
n16_0248,16,4,5,c_without_near_leaf_maximality_pruning,3,0.0005995999999868218,"[0.0004124999995838152, 0.0006572000002051936, 0.0005995999999868218]",15,9,0,0,0
n16_0331,16,4,5,c_full,3,0.00037010000050941017,"[0.0003833999999187654, 0.00034589999995660037, 0.00037010000050941017]",7,3,0,0,0
n16_0331,16,4,5,c_without_defect_budget,3,0.0005674999993061647,"[0.0009216999987984309, 0.0005674999993061647, 0.00035039999966102187]",7,3,0,0,0
n16_0331,16,4,5,c_without_zero_defect_special_solver,3,0.000594999999520951,"[0.0006173000001581386, 0.000594999999520951, 0.00034500000037951395]",7,3,0,0,0
n16_0331,16,4,5,c_without_failed_state_memoization,3,0.0003620999996201135,"[0.0003457000002526911, 0.0003620999996201135, 0.0006293999995250488]",7,3,0,0,0
n16_0331,16,4,5,c_without_near_leaf_maximality_pruning,3,0.0002946999993582722,"[0.0002989000004163245, 0.0002946999993582722, 0.0002846000006684335]",8,4,0,0,0
n16_0414,16,4,5,c_full,3,0.0006264999992708908,"[0.0006253000010474352, 0.0006444000009651063, 0.0006264999992708908]",27,20,0,0,0
n16_0414,16,4,5,c_without_defect_budget,3,0.0009119999995164108,"[0.0010269000013067853, 0.0006162999998196028, 0.0009119999995164108]",27,20,0,0,0
n16_0414,16,4,5,c_without_zero_defect_special_solver,3,0.0010522000011405908,"[0.0010522000011405908, 0.0016436000005342066, 0.0006665000000793952]",27,20,0,0,0
n16_0414,16,4,5,c_without_failed_state_memoization,3,0.0006716999996569939,"[0.0006716999996569939, 0.0010818999999173684, 0.0006367999994836282]",27,20,0,0,0
n16_0414,16,4,5,c_without_near_leaf_maximality_pruning,3,0.0005923999997321516,"[0.0005356000001484063, 0.0007610000011482043, 0.0005923999997321516]",27,20,0,0,0
n16_0497,16,4,5,c_full,3,0.000570500000321772,"[0.0009511000007478287, 0.0005545000003621681, 0.000570500000321772]",19,11,0,0,0
n16_0497,16,4,5,c_without_defect_budget,3,0.0008558000008633826,"[0.0008558000008633826, 0.0005626000001939246, 0.0011595999985729577]",19,11,0,0,0
n16_0497,16,4,5,c_without_zero_defect_special_solver,3,0.0008706000007805414,"[0.0008706000007805414, 0.0007642000000487315, 0.0009841999999480322]",19,11,0,0,0
n16_0497,16,4,5,c_without_failed_state_memoization,3,0.0008300999998027692,"[0.0006661999996140366, 0.0008300999998027692, 0.0009573999996064231]",19,11,0,0,0
n16_0497,16,4,5,c_without_near_leaf_maximality_pruning,3,0.0005686000004061498,"[0.0009183000001939945, 0.00042639999992388766, 0.0005686000004061498]",19,11,0,0,0
n16_0579,16,4,5,c_full,3,0.00036889999864797574,"[0.0003519000001688255, 0.00043900000127905514, 0.00036889999864797574]",5,1,0,0,0
n16_0579,16,4,5,c_without_defect_budget,3,0.0005086000001028879,"[0.0005086000001028879, 0.000568800000110059, 0.0003543999991961755]",5,1,0,0,0
n16_0579,16,4,5,c_without_zero_defect_special_solver,3,0.000375900001017726,"[0.000375900001017726, 0.00034130000130971894, 0.000558600000658771]",5,1,0,0,0
n16_0579,16,4,5,c_without_failed_state_memoization,3,0.0003572999994503334,"[0.0003440999989834381, 0.0003935000004275935, 0.0003572999994503334]",5,1,0,0,0
n16_0579,16,4,5,c_without_near_leaf_maximality_pruning,3,0.00028790000033040997,"[0.0005326000009517884, 0.00028790000033040997, 0.0002853999994840706]",5,1,0,0,0
n16_0662,16,4,5,c_full,3,0.0006250999995245365,"[0.0006250999995245365, 0.0004930000013700919, 0.0009159000001091044]",10,2,3,0,0
n16_0662,16,4,5,c_without_defect_budget,3,0.0009557000012136996,"[0.0010853000003407942, 0.0007150999990699347, 0.0009557000012136996]",10,2,3,0,0
n16_0662,16,4,5,c_without_zero_defect_special_solver,3,0.000496299999213079,"[0.000496299999213079, 0.0006761999993614154, 0.00046920000022510067]",10,2,3,0,0
n16_0662,16,4,5,c_without_failed_state_memoization,3,0.0008163000002241461,"[0.0004927999998471932, 0.0008453999998891959, 0.0008163000002241461]",10,2,3,0,0
n16_0662,16,4,5,c_without_near_leaf_maximality_pruning,3,0.0006307999992714031,"[0.0006307999992714031, 0.0009563999992678873, 0.000527700000020559]",26,18,0,0,0
n16_0708,16,3,0,c_full,3,0.00010699999984353781,"[9.91000015346799e-05, 0.0001081000009435229, 0.00010699999984353781]",4,1,0,0,0
n16_0708,16,3,0,c_without_defect_budget,3,0.0013794000005873386,"[0.0017091000008804258, 0.0013794000005873386, 0.0013389999985520262]",29,15,9,0,0
n16_0708,16,3,0,c_without_zero_defect_special_solver,3,0.0009393000000272878,"[0.0007772000008117175, 0.0009393000000272878, 0.0011861000002681976]",23,11,7,0,0
n16_0708,16,3,0,c_without_failed_state_memoization,3,0.00011629999971773941,"[0.00011629999971773941, 0.00012570000035339035, 0.00011439999980211724]",4,1,0,0,0
n16_0708,16,3,0,c_without_near_leaf_maximality_pruning,3,7.539999933214858e-05,"[7.32000007701572e-05, 7.74000000092201e-05, 7.539999933214858e-05]",4,1,0,0,0
n16_0746,16,4,5,c_full,3,0.000389000000723172,"[0.0006443999991461169, 0.00032020000071497634, 0.000389000000723172]",5,1,0,0,0
n16_0746,16,4,5,c_without_defect_budget,3,0.00036809999983233865,"[0.00032420000025012996, 0.00041710000004968606, 0.00036809999983233865]",5,1,0,0,0
n16_0746,16,4,5,c_without_zero_defect_special_solver,3,0.0003270999986852985,"[0.00032439999995403923, 0.0003270999986852985, 0.0003437999985180795]",5,1,0,0,0
n16_0746,16,4,5,c_without_failed_state_memoization,3,0.00034249999953317456,"[0.0003586999991966877, 0.00032360000113840215, 0.00034249999953317456]",5,1,0,0,0
n16_0746,16,4,5,c_without_near_leaf_maximality_pruning,3,0.0003890999996656319,"[0.0002627000012580538, 0.0003890999996656319, 0.0004735000002256129]",5,1,0,0,0
n16_0829,16,4,5,c_full,3,0.0005490999992616707,"[0.0004726999995909864, 0.0006572999991476536, 0.0005490999992616707]",16,10,1,0,0
n16_0829,16,4,5,c_without_defect_budget,3,0.00042039999971166253,"[0.0004269999990356155, 0.00042039999971166253, 0.00040270000135933515]",16,10,1,0,0
n16_0829,16,4,5,c_without_zero_defect_special_solver,3,0.00042190000021946616,"[0.00039459999970858917, 0.0005120000005263137, 0.00042190000021946616]",16,10,1,0,0
n16_0829,16,4,5,c_without_failed_state_memoization,3,0.0004011999990325421,"[0.0004001000015705358, 0.00044019999950251076, 0.0004011999990325421]",16,10,1,0,0
n16_0829,16,4,5,c_without_near_leaf_maximality_pruning,3,0.0003347999991092365,"[0.0003207000008842442, 0.00034419999974488746, 0.0003347999991092365]",21,15,0,0,0
n16_0911,16,4,5,c_full,3,0.00034889999915321823,"[0.0006013000001985347, 0.00033849999999802094, 0.00034889999915321823]",6,2,0,0,0
n16_0911,16,4,5,c_without_defect_budget,3,0.00034129999949072953,"[0.00034129999949072953, 0.0003376000004209345, 0.00046689999908267055]",6,2,0,0,0
n16_0911,16,4,5,c_without_zero_defect_special_solver,3,0.0003298999999969965,"[0.00035570000000006985, 0.00031010000020614825, 0.0003298999999969965]",6,2,0,0,0
n16_0911,16,4,5,c_without_failed_state_memoization,3,0.00032730000020819716,"[0.0003407000003790017, 0.00031060000037541613, 0.00032730000020819716]",6,2,0,0,0
n16_0911,16,4,5,c_without_near_leaf_maximality_pruning,3,0.00028419999944162555,"[0.0002781000002869405, 0.0003780999995797174, 0.00028419999944162555]",6,2,0,0,0
n16_0994,16,4,5,c_full,3,0.0010302999999112217,"[0.001012199998513097, 0.0010302999999112217, 0.0015638000004400965]",28,1,19,0,0
n16_0994,16,4,5,c_without_defect_budget,3,0.000995800000964664,"[0.000987699999313918, 0.001011300000755, 0.000995800000964664]",28,1,19,0,0
n16_0994,16,4,5,c_without_zero_defect_special_solver,3,0.0010008000008383533,"[0.0009720000016386621, 0.0010008000008383533, 0.001030400000672671]",28,1,19,0,0
n16_0994,16,4,5,c_without_failed_state_memoization,3,0.0010165000003325986,"[0.0010165000003325986, 0.001068099998519756, 0.0009993999992730096]",28,1,19,0,0
n16_0994,16,4,5,c_without_near_leaf_maximality_pruning,3,0.001351299999441835,"[0.0013136999987182207, 0.001351299999441835, 0.0013674999991053483]",111,77,0,0,0
n16_1077,16,4,5,c_full,3,0.0029649000007339055,"[0.0029649000007339055, 0.0032167000008485047, 0.0028149999998277053]",128,58,22,0,0
n16_1077,16,4,5,c_without_defect_budget,3,0.003571600000213948,"[0.003571600000213948, 0.0038920999995752936, 0.0032073000002128538]",128,58,22,0,0
n16_1077,16,4,5,c_without_zero_defect_special_solver,3,0.003463200000624056,"[0.0030695000004925532, 0.003463200000624056, 0.004785000000993023]",128,58,22,0,0
n16_1077,16,4,5,c_without_failed_state_memoization,3,0.003272300000389805,"[0.003606199999921955, 0.003247200000259909, 0.003272300000389805]",128,58,22,0,0
n16_1077,16,4,5,c_without_near_leaf_maximality_pruning,3,0.0026847999997698935,"[0.002657799999724375, 0.0033492000002297573, 0.0026847999997698935]",247,155,0,0,0
n16_1160,16,4,5,c_full,3,0.00032909999936237,"[0.00032909999936237, 0.0003226999997423263, 0.0003603999994084006]",6,2,0,0,0
n16_1160,16,4,5,c_without_defect_budget,3,0.00033200000143551733,"[0.00033650000113993883, 0.00033200000143551733, 0.0003316000002087094]",6,2,0,0,0
n16_1160,16,4,5,c_without_zero_defect_special_solver,3,0.0003403000009711832,"[0.0003391999998711981, 0.0003798000016104197, 0.0003403000009711832]",6,2,0,0,0
n16_1160,16,4,5,c_without_failed_state_memoization,3,0.000553300000319723,"[0.0003496999997878447, 0.0006416000014723977, 0.000553300000319723]",6,2,0,0,0
n16_1160,16,4,5,c_without_near_leaf_maximality_pruning,3,0.0002936999990197364,"[0.0003125000002910383, 0.0002936999990197364, 0.00027070000032836106]",6,2,0,0,0
n16_1218,16,3,0,c_full,3,7.499999992433004e-05,"[0.00010680000013962854, 7.499999992433004e-05, 7.159999950090423e-05]",4,1,0,0,0
n16_1218,16,3,0,c_without_defect_budget,3,0.0019076999997196253,"[0.0019076999997196253, 0.002595300000393763, 0.0018999999992956873]",75,30,33,0,0
n16_1218,16,3,0,c_without_zero_defect_special_solver,3,0.0010388999999122461,"[0.001787700000932091, 0.000967200001468882, 0.0010388999999122461]",41,16,17,0,0
n16_1218,16,3,0,c_without_failed_state_memoization,3,8.120000165945385e-05,"[8.120000165945385e-05, 7.689999983995222e-05, 8.270000034826808e-05]",4,1,0,0,0
n16_1218,16,3,0,c_without_near_leaf_maximality_pruning,3,7.160000131989364e-05,"[0.0002007000002777204, 7.160000131989364e-05, 7.100000038917642e-05]",4,1,0,0,0
n16_1219,16,3,0,c_full,3,7.46000005165115e-05,"[7.46000005165115e-05, 0.00010340000153519213, 6.960000064282212e-05]",4,1,0,0,0
n16_1219,16,3,0,c_without_defect_budget,3,0.0008916999995562946,"[0.0006941999999980908, 0.000995300000795396, 0.0008916999995562946]",9,1,5,0,0
n16_1219,16,3,0,c_without_zero_defect_special_solver,3,0.0004920999999740161,"[0.0004920999999740161, 0.0009662000011303462, 0.00045759999920846894]",7,1,3,0,0
n16_1219,16,3,0,c_without_failed_state_memoization,3,7.899999945948366e-05,"[7.989999903657008e-05, 7.899999945948366e-05, 7.840000034775585e-05]",4,1,0,0,0
n16_1219,16,3,0,c_without_near_leaf_maximality_pruning,3,6.939999911992345e-05,"[6.69999990350334e-05, 6.939999911992345e-05, 0.00010709999878599774]",4,1,0,0,0
n16_1244,16,4,5,c_full,3,0.0005934999990131473,"[0.0007668999987799907, 0.0005934999990131473, 0.0003601000007620314]",8,2,1,0,0
n16_1244,16,4,5,c_without_defect_budget,3,0.0003797000008489704,"[0.0003569000000425149, 0.0003797000008489704, 0.00042970000140485354]",8,2,1,0,0
n16_1244,16,4,5,c_without_zero_defect_special_solver,3,0.0006045999998605112,"[0.00039909999941301066, 0.0006078999995224876, 0.0006045999998605112]",8,2,1,0,0
n16_1244,16,4,5,c_without_failed_state_memoization,3,0.0003761000007216353,"[0.0003811999995377846, 0.0003761000007216353, 0.00035820000084640924]",8,2,1,0,0
n16_1244,16,4,5,c_without_near_leaf_maximality_pruning,3,0.0005844000006618444,"[0.00046189999920898117, 0.000629599999228958, 0.0005844000006618444]",23,11,0,0,0
n16_1327,16,4,5,c_full,3,0.0003358000012667617,"[0.0003358000012667617, 0.0003250999998272164, 0.00036420000105863437]",5,1,0,0,0
n16_1327,16,4,5,c_without_defect_budget,3,0.0003296000013506273,"[0.0003296000013506273, 0.0003219999998691492, 0.0003531000002112705]",5,1,0,0,0
n16_1327,16,4,5,c_without_zero_defect_special_solver,3,0.00044299999899521936,"[0.0003220000016881386, 0.00044299999899521936, 0.0005435000002762536]",5,1,0,0,0
n16_1327,16,4,5,c_without_failed_state_memoization,3,0.0003324999997857958,"[0.00032170000122278, 0.0004086999997525709, 0.0003324999997857958]",5,1,0,0,0
n16_1327,16,4,5,c_without_near_leaf_maximality_pruning,3,0.0002655000007507624,"[0.0002655000007507624, 0.00026479999905859586, 0.0002696999999898253]",5,1,0,0,0
n16_1410,16,4,5,c_full,3,0.0006795999997848412,"[0.0008176999999705004, 0.0006795999997848412, 0.00040409999928670004]",10,4,0,0,0
n16_1410,16,4,5,c_without_defect_budget,3,0.000608000000283937,"[0.000608000000283937, 0.000494200001412537, 0.0006880000000819564]",10,4,0,0,0
n16_1410,16,4,5,c_without_zero_defect_special_solver,3,0.0006400000002031447,"[0.00040129999979399145, 0.0006400000002031447, 0.0007301999994524522]",10,4,0,0,0
n16_1410,16,4,5,c_without_failed_state_memoization,3,0.0004127000011067139,"[0.001647499999307911, 0.0004127000011067139, 0.00040439999975205865]",10,4,0,0,0
n16_1410,16,4,5,c_without_near_leaf_maximality_pruning,3,0.0003357999994477723,"[0.0003222999985155184, 0.00033679999978630804, 0.0003357999994477723]",10,4,0,0,0
n16_1493,16,4,5,c_full,3,0.0003651999995781807,"[0.0003651999995781807, 0.00035570000000006985, 0.0012647999992623227]",6,1,1,0,0
n16_1493,16,4,5,c_without_defect_budget,3,0.0004777999984071357,"[0.0004777999984071357, 0.0005271999998512911, 0.0003630999999586493]",6,1,1,0,0
n16_1493,16,4,5,c_without_zero_defect_special_solver,3,0.0006628999999520602,"[0.0003536000003805384, 0.0006628999999520602, 0.001014599998597987]",6,1,1,0,0
n16_1493,16,4,5,c_without_failed_state_memoization,3,0.0005142000009072945,"[0.0006821999995736405, 0.0005142000009072945, 0.00044549999984155875]",6,1,1,0,0
n16_1493,16,4,5,c_without_near_leaf_maximality_pruning,3,0.0003558999997039791,"[0.0003488000002107583, 0.0003558999997039791, 0.0004471000011108117]",12,7,0,0,0
n16_1575,16,4,5,c_full,3,0.0014301999999588588,"[0.0014301999999588588, 0.0012377999992168043, 0.0020629999999073334]",50,29,8,0,0
n16_1575,16,4,5,c_without_defect_budget,3,0.001817500000470318,"[0.0010179999990214128, 0.001817500000470318, 0.001955199999429169]",50,29,8,0,0
n16_1575,16,4,5,c_without_zero_defect_special_solver,3,0.0010313000002497574,"[0.001741200001561083, 0.0010105000001203734, 0.0010313000002497574]",50,29,8,0,0
n16_1575,16,4,5,c_without_failed_state_memoization,3,0.0015661000015825266,"[0.0015661000015825266, 0.0010603999999148073, 0.0017320000006293412]",50,29,8,0,0
n16_1575,16,4,5,c_without_near_leaf_maximality_pruning,3,0.0013478000000759494,"[0.0013478000000759494, 0.0013187000004108995, 0.0020225000007485505]",83,46,0,0,0
n16_1658,16,4,5,c_full,3,0.0003741999989870237,"[0.000554599999304628, 0.00035150000076100696, 0.0003741999989870237]",5,1,0,0,0
n16_1658,16,4,5,c_without_defect_budget,3,0.0005407999997260049,"[0.0005407999997260049, 0.0003766000008909032, 0.0005454000001918757]",5,1,0,0,0
n16_1658,16,4,5,c_without_zero_defect_special_solver,3,0.0003969999997934792,"[0.000645500000246102, 0.0003834999988612253, 0.0003969999997934792]",5,1,0,0,0
n16_1658,16,4,5,c_without_failed_state_memoization,3,0.00034049999885610305,"[0.00033319999965897296, 0.00034049999885610305, 0.00038610000046901405]",5,1,0,0,0
n16_1658,16,4,5,c_without_near_leaf_maximality_pruning,3,0.0003049000006285496,"[0.0008092999996733852, 0.0003049000006285496, 0.0002799000012601027]",5,1,0,0,0
n16_1741,16,4,5,c_full,3,0.0003691000001708744,"[0.0006482999997388106, 0.00036020000152348075, 0.0003691000001708744]",6,1,1,0,0
n16_1741,16,4,5,c_without_defect_budget,3,0.00036809999983233865,"[0.0003651000006357208, 0.0005595000002358574, 0.00036809999983233865]",6,1,1,0,0
n16_1741,16,4,5,c_without_zero_defect_special_solver,3,0.00035519999983080197,"[0.0004036999998788815, 0.00035519999983080197, 0.00034669999877223745]",6,1,1,0,0
n16_1741,16,4,5,c_without_failed_state_memoization,3,0.00035320000097271986,"[0.0003578000014385907, 0.0003298999999969965, 0.00035320000097271986]",6,1,1,0,0
n16_1741,16,4,5,c_without_near_leaf_maximality_pruning,3,0.00039759999890520703,"[0.0005082999996375293, 0.0003350000006321352, 0.00039759999890520703]",11,6,0,0,0
n16_1824,16,4,5,c_full,3,0.0017281000000366475,"[0.0014950000004319008, 0.0017797000000427943, 0.0017281000000366475]",64,33,9,0,0
n16_1824,16,4,5,c_without_defect_budget,3,0.001530399998955545,"[0.0015105000002222368, 0.0020162000000709668, 0.001530399998955545]",64,33,9,0,0
n16_1824,16,4,5,c_without_zero_defect_special_solver,3,0.0015318999994633486,"[0.0014792999991186662, 0.0015318999994633486, 0.0015604000000166707]",64,33,9,0,0
n16_1824,16,4,5,c_without_failed_state_memoization,3,0.0017508999990241136,"[0.0019231999995099613, 0.0015473000003112247, 0.0017508999990241136]",64,33,9,0,0
n16_1824,16,4,5,c_without_near_leaf_maximality_pruning,3,0.001585799998792936,"[0.001585799998792936, 0.0015822999994270504, 0.0016304999990097713]",124,93,0,0,0
n16_1906,16,4,5,c_full,3,0.0014778999993723119,"[0.0015870999995968305, 0.0013446000011754222, 0.0014778999993723119]",47,15,20,0,0
n16_1906,16,4,5,c_without_defect_budget,3,0.0016335000000253785,"[0.0023361999992630444, 0.0016335000000253785, 0.0014138999995338963]",47,15,20,0,0
n16_1906,16,4,5,c_without_zero_defect_special_solver,3,0.0013540999989345437,"[0.0013540999989345437, 0.0013467999997374136, 0.002119999999194988]",47,15,20,0,0
n16_1906,16,4,5,c_without_failed_state_memoization,3,0.0013555000004998874,"[0.0013479000008373987, 0.0013555000004998874, 0.0022748999999748776]",47,15,20,0,0
n16_1906,16,4,5,c_without_near_leaf_maximality_pruning,3,0.001661199999944074,"[0.0018846000002668006, 0.0015471000006073155, 0.001661199999944074]",127,95,0,0,0
n16_1989,16,4,5,c_full,3,0.0005849999997735722,"[0.0005552999991778051, 0.0005863999995199265, 0.0005849999997735722]",11,2,5,0,0
n16_1989,16,4,5,c_without_defect_budget,3,0.0006159999993542442,"[0.0006250999995245365, 0.000541599998541642, 0.0006159999993542442]",11,2,5,0,0
n16_1989,16,4,5,c_without_zero_defect_special_solver,3,0.0005758000006608199,"[0.0005758000006608199, 0.0013104000008752337, 0.0005432999987533549]",11,2,5,0,0
n16_1989,16,4,5,c_without_failed_state_memoization,3,0.0005557000004046131,"[0.0005557000004046131, 0.0005471000004035886, 0.0005612000004475703]",11,2,5,0,0
n16_1989,16,4,5,c_without_near_leaf_maximality_pruning,3,0.0006407000000763219,"[0.0006407000000763219, 0.0006682000002911082, 0.0006322999997792067]",40,31,0,0,0
n16_2072,16,4,5,c_full,3,0.0004668000001402106,"[0.0004668000001402106, 0.0008539999998902204, 0.000456300000223564]",8,1,3,0,0
n16_2072,16,4,5,c_without_defect_budget,3,0.00045250000039231963,"[0.00043540000115172006, 0.0007709999990765937, 0.00045250000039231963]",8,1,3,0,0
n16_2072,16,4,5,c_without_zero_defect_special_solver,3,0.0005479999999806751,"[0.0004439000003912952, 0.0005479999999806751, 0.0007293999988178257]",8,1,3,0,0
n16_2072,16,4,5,c_without_failed_state_memoization,3,0.0004735000002256129,"[0.0004735000002256129, 0.0005168000006960938, 0.00046780000047874637]",8,1,3,0,0
n16_2072,16,4,5,c_without_near_leaf_maximality_pruning,3,0.0004322000004322035,"[0.00043879999975615647, 0.0004231999992043711, 0.0004322000004322035]",25,18,0,0,0
n16_2155,16,4,5,c_full,3,0.00046160000056261197,"[0.000444499999503023, 0.0005207000012887875, 0.00046160000056261197]",9,2,3,0,0
n16_2155,16,4,5,c_without_defect_budget,3,0.000529699998878641,"[0.0007489999989047647, 0.000529699998878641, 0.0004955999993399018]",9,2,3,0,0
n16_2155,16,4,5,c_without_zero_defect_special_solver,3,0.0005199999995966209,"[0.00044049999996786937, 0.0009877000011329073, 0.0005199999995966209]",9,2,3,0,0
n16_2155,16,4,5,c_without_failed_state_memoization,3,0.00044470000102592167,"[0.00043120000009366777, 0.00044470000102592167, 0.0007447000007232418]",9,2,3,0,0
n16_2155,16,4,5,c_without_near_leaf_maximality_pruning,3,0.00047450000056414865,"[0.0004780999988724943, 0.00047450000056414865, 0.00047400000039488077]",26,19,0,0,0
n16_2237,16,4,5,c_full,3,0.0008290999994642334,"[0.0008773999998084037, 0.0008067000017035753, 0.0008290999994642334]",22,4,11,0,0
n16_2237,16,4,5,c_without_defect_budget,3,0.0008197000006475719,"[0.0011061000004701782, 0.0008160999987012474, 0.0008197000006475719]",22,4,11,0,0
n16_2237,16,4,5,c_without_zero_defect_special_solver,3,0.0011003999989043223,"[0.0008219999999710126, 0.0011003999989043223, 0.001434499999959371]",22,4,11,0,0
n16_2237,16,4,5,c_without_failed_state_memoization,3,0.0011549000009836163,"[0.0014389999996637926, 0.001037699999869801, 0.0011549000009836163]",22,4,11,0,0
n16_2237,16,4,5,c_without_near_leaf_maximality_pruning,3,0.0015586999998049578,"[0.0011396000008971896, 0.0015586999998049578, 0.0016797999996924773]",69,51,0,0,0
n16_2320,16,4,5,c_full,3,0.0005552999991778051,"[0.0005552999991778051, 0.0006647999998676823, 0.0004696000014519086]",11,6,0,0,0
n16_2320,16,4,5,c_without_defect_budget,3,0.0004344000008131843,"[0.00039140000080806203, 0.0004344000008131843, 0.0007041999997454695]",11,6,0,0,0
n16_2320,16,4,5,c_without_zero_defect_special_solver,3,0.0004368999998405343,"[0.0006898999999975786, 0.0004162999994150596, 0.0004368999998405343]",11,6,0,0,0
n16_2320,16,4,5,c_without_failed_state_memoization,3,0.00039819999983592425,"[0.0004030999989481643, 0.00039819999983592425, 0.000389000000723172]",11,6,0,0,0
n16_2320,16,4,5,c_without_near_leaf_maximality_pruning,3,0.00030929999957152177,"[0.00030049999986658804, 0.0003744999994523823, 0.00030929999957152177]",11,6,0,0,0
n16_2403,16,4,5,c_full,3,0.0004531999984465074,"[0.0004531999984465074, 0.00038099999983387534, 0.0005615999998553889]",9,2,3,0,0
n16_2403,16,4,5,c_without_defect_budget,3,0.00038069999936851673,"[0.0005622000007861061, 0.0003804000007221475, 0.00038069999936851673]",9,2,3,0,0
n16_2403,16,4,5,c_without_zero_defect_special_solver,3,0.0003925000000890577,"[0.0003925000000890577, 0.0003925000000890577, 0.00038439999843831174]",9,2,3,0,0
n16_2403,16,4,5,c_without_failed_state_memoization,3,0.0005650999992212746,"[0.0004215000008116476, 0.0007958000005601207, 0.0005650999992212746]",9,2,3,0,0
n16_2403,16,4,5,c_without_near_leaf_maximality_pruning,3,0.00037089999932504725,"[0.00038870000025781337, 0.00037089999932504725, 0.0003661999999167165]",16,9,0,0,0
n16_2486,16,4,5,c_full,3,0.0016292000000248663,"[0.0016398999996454222, 0.0015945999984978698, 0.0016292000000248663]",91,41,10,0,0
n16_2486,16,4,5,c_without_defect_budget,3,0.0018328000005567446,"[0.0018328000005567446, 0.0016720999992685392, 0.0025402999999641906]",91,41,10,0,0
n16_2486,16,4,5,c_without_zero_defect_special_solver,3,0.001699299999017967,"[0.0018234999988635536, 0.001699299999017967, 0.0015894000007392606]",91,41,10,0,0
n16_2486,16,4,5,c_without_failed_state_memoization,3,0.0016195000007428462,"[0.001854500000263215, 0.0015970999993442092, 0.0016195000007428462]",91,41,10,0,0
n16_2486,16,4,5,c_without_near_leaf_maximality_pruning,3,0.0017502999999123858,"[0.001489100000981125, 0.0017939999997906853, 0.0017502999999123858]",149,89,0,0,0
n16_2568,16,4,5,c_full,3,0.0004680999991251156,"[0.0007850000001781154, 0.0004680999991251156, 0.0003309999992779922]",6,1,0,0,0
n16_2568,16,4,5,c_without_defect_budget,3,0.00039540000034321565,"[0.00039540000034321565, 0.00047850000009930227, 0.0003386999997019302]",6,1,0,0,0
n16_2568,16,4,5,c_without_zero_defect_special_solver,3,0.0005189999992580852,"[0.0005620000010821968, 0.0003651000006357208, 0.0005189999992580852]",6,1,0,0,0
n16_2568,16,4,5,c_without_failed_state_memoization,3,0.0003450999993219739,"[0.0005529999998543644, 0.0003328000002511544, 0.0003450999993219739]",6,1,0,0,0
n16_2568,16,4,5,c_without_near_leaf_maximality_pruning,3,0.0004060000010213116,"[0.0005532000013772631, 0.0002737000013439683, 0.0004060000010213116]",6,1,0,0,0
n16_2651,16,4,5,c_full,3,0.001075799998943694,"[0.000952500000494183, 0.001075799998943694, 0.0016209000004892005]",21,8,5,0,0
n16_2651,16,4,5,c_without_defect_budget,3,0.00065569999969739,"[0.0007138000000850298, 0.0006310999997367617, 0.00065569999969739]",21,8,5,0,0
n16_2651,16,4,5,c_without_zero_defect_special_solver,3,0.0006604999998671701,"[0.0006298000007518567, 0.0015440999995917082, 0.0006604999998671701]",21,8,5,0,0
n16_2651,16,4,5,c_without_failed_state_memoization,3,0.0008868000004440546,"[0.0009002000006148592, 0.0008868000004440546, 0.0006711000005452661]",21,8,5,0,0
n16_2651,16,4,5,c_without_near_leaf_maximality_pruning,3,0.0010077000006276648,"[0.001016999998682877, 0.0008813999993435573, 0.0010077000006276648]",35,22,0,0,0
n16_2734,16,4,5,c_full,3,0.00039599999945494346,"[0.00044179999895277433, 0.0003758999991987366, 0.00039599999945494346]",5,1,0,0,0
n16_2734,16,4,5,c_without_defect_budget,3,0.0003338999995321501,"[0.0003338999995321501, 0.00041340000097989105, 0.00031859999944572337]",5,1,0,0,0
n16_2734,16,4,5,c_without_zero_defect_special_solver,3,0.0003161000004183734,"[0.000353900000845897, 0.0003121999998256797, 0.0003161000004183734]",5,1,0,0,0
n16_2734,16,4,5,c_without_failed_state_memoization,3,0.0005098000001453329,"[0.00032450000071548857, 0.0005098000001453329, 0.0005601000011665747]",5,1,0,0,0
n16_2734,16,4,5,c_without_near_leaf_maximality_pruning,3,0.0002542000001994893,"[0.0002506000000721542, 0.0002542000001994893, 0.0002626000004966045]",5,1,0,0,0
n16_2817,16,4,5,c_full,3,0.00031060000037541613,"[0.0003074999985983595, 0.00031769999986863695, 0.00031060000037541613]",5,1,0,0,0
n16_2817,16,4,5,c_without_defect_budget,3,0.00030759999935980886,"[0.00030759999935980886, 0.0003073999996558996, 0.00031430000126420055]",5,1,0,0,0
n16_2817,16,4,5,c_without_zero_defect_special_solver,3,0.0005383000006986549,"[0.0005383000006986549, 0.0003190000006725313, 0.0005452000004879665]",5,1,0,0,0
n16_2817,16,4,5,c_without_failed_state_memoization,3,0.00031459999991056975,"[0.0003121999998256797, 0.00031459999991056975, 0.0005373000003601192]",5,1,0,0,0
n16_2817,16,4,5,c_without_near_leaf_maximality_pruning,3,0.0002631999996083323,"[0.000475499999083695, 0.0002631999996083323, 0.00025240000104531646]",5,1,0,0,0
n16_2899,16,4,5,c_full,3,0.0004776999994646758,"[0.000622200001089368, 0.0004776999994646758, 0.0004720999986602692]",11,5,2,0,0
n16_2899,16,4,5,c_without_defect_budget,3,0.0005082999996375293,"[0.00047110000014072284, 0.000564799998755916, 0.0005082999996375293]",11,5,2,0,0
n16_2899,16,4,5,c_without_zero_defect_special_solver,3,0.000788200000897632,"[0.000788200000897632, 0.000913800000489573, 0.0004867999996349681]",11,5,2,0,0
n16_2899,16,4,5,c_without_failed_state_memoization,3,0.00048690000039641745,"[0.00048690000039641745, 0.0004866999988735188, 0.0005914000012126053]",11,5,2,0,0
n16_2899,16,4,5,c_without_near_leaf_maximality_pruning,3,0.00203719999990426,"[0.00203719999990426, 0.0029095999998389743, 0.0014678000006824732]",125,95,0,0,0
n16_2982,16,4,5,c_full,3,0.0007647000002179993,"[0.0007516999994550133, 0.0008806000005279202, 0.0007647000002179993]",28,16,4,0,0
n16_2982,16,4,5,c_without_defect_budget,3,0.0008273999992525205,"[0.0007607000006828457, 0.0008430000016232952, 0.0008273999992525205]",28,16,4,0,0
n16_2982,16,4,5,c_without_zero_defect_special_solver,3,0.000760900000386755,"[0.0007559999994555255, 0.000760900000386755, 0.0007740999990346609]",28,16,4,0,0
n16_2982,16,4,5,c_without_failed_state_memoization,3,0.0007638000006409129,"[0.0007638000006409129, 0.000738900000214926, 0.0012537999991764082]",28,16,4,0,0
n16_2982,16,4,5,c_without_near_leaf_maximality_pruning,3,0.0007298000000446336,"[0.000702500001352746, 0.0007298000000446336, 0.0011942999990424141]",40,28,0,0,0
n16_3065,16,4,5,c_full,3,0.00044159999924886506,"[0.00044159999924886506, 0.0006195000005391194, 0.00043089999962830916]",9,2,3,0,0
n16_3065,16,4,5,c_without_defect_budget,3,0.00046660000043630134,"[0.0004276999989087926, 0.00046660000043630134, 0.0006416999985958682]",9,2,3,0,0
n16_3065,16,4,5,c_without_zero_defect_special_solver,3,0.0007840999987820396,"[0.0008698999990883749, 0.0007840999987820396, 0.0004363000007288065]",9,2,3,0,0
n16_3065,16,4,5,c_without_failed_state_memoization,3,0.0004305000002204906,"[0.0004305000002204906, 0.000430199999755132, 0.0004714999995485414]",9,2,3,0,0
n16_3065,16,4,5,c_without_near_leaf_maximality_pruning,3,0.0005012999990867684,"[0.0004822999999305466, 0.0005012999990867684, 0.0008617000003141584]",27,16,0,0,0
n16_3148,16,4,5,c_full,3,0.0008809999999357387,"[0.0008809999999357387, 0.0008572000006097369, 0.0008851000002323417]",38,25,4,0,0
n16_3148,16,4,5,c_without_defect_budget,3,0.001323700000284589,"[0.0008667999991303077, 0.0013884999989386415, 0.001323700000284589]",38,25,4,0,0
n16_3148,16,4,5,c_without_zero_defect_special_solver,3,0.0010486000010132557,"[0.0010486000010132557, 0.0013723000010941178, 0.0008835000007820781]",38,25,4,0,0
n16_3148,16,4,5,c_without_failed_state_memoization,3,0.0009298999993916368,"[0.000873800001500058, 0.001381099998980062, 0.0009298999993916368]",38,25,4,0,0
n16_3148,16,4,5,c_without_near_leaf_maximality_pruning,3,0.0009683999996923376,"[0.0011020000001735752, 0.0009683999996923376, 0.0007423999995808117]",45,32,0,0,0
n16_3230,16,4,5,c_full,3,0.0003899000003002584,"[0.0004017000010207994, 0.0003899000003002584, 0.0003828000008070376]",7,2,1,0,0
n16_3230,16,4,5,c_without_defect_budget,3,0.0003995000006398186,"[0.0003679999990708893, 0.0003995000006398186, 0.0005880999997316394]",7,2,1,0,0
n16_3230,16,4,5,c_without_zero_defect_special_solver,3,0.00042380000013508834,"[0.0003828000008070376, 0.00042380000013508834, 0.0006639999992330559]",7,2,1,0,0
n16_3230,16,4,5,c_without_failed_state_memoization,3,0.00046800000018265564,"[0.0006088999998610234, 0.0003842000005533919, 0.00046800000018265564]",7,2,1,0,0
n16_3230,16,4,5,c_without_near_leaf_maximality_pruning,3,0.00031660000058764126,"[0.0003321999993204372, 0.00031069999931787606, 0.00031660000058764126]",12,7,0,0,0
n16_3313,16,4,5,c_full,3,0.0014539000003424007,"[0.001364800000374089, 0.0014539000003424007, 0.0016998999999486841]",48,18,18,0,0
n16_3313,16,4,5,c_without_defect_budget,3,0.001514100000349572,"[0.001514100000349572, 0.001554099999339087, 0.0013608000008389354]",48,18,18,0,0
n16_3313,16,4,5,c_without_zero_defect_special_solver,3,0.0013533999990613665,"[0.0013533999990613665, 0.00134280000020226, 0.001622499999939464]",48,18,18,0,0
n16_3313,16,4,5,c_without_failed_state_memoization,3,0.001366000000416534,"[0.001366000000416534, 0.0013925000002927845, 0.0013641999994433718]",48,18,18,0,0
n16_3313,16,4,5,c_without_near_leaf_maximality_pruning,3,0.002104499999404652,"[0.0014849999988655327, 0.002104499999404652, 0.0022403999992093304]",119,89,0,0,0
n16_3396,16,4,5,c_full,3,0.0014869000006001443,"[0.001272199999220902, 0.0014869000006001443, 0.0021225000000413274]",53,26,12,0,0
n16_3396,16,4,5,c_without_defect_budget,3,0.0018065000003844034,"[0.0023931000014272286, 0.0013295999997353647, 0.0018065000003844034]",53,26,12,0,0
n16_3396,16,4,5,c_without_zero_defect_special_solver,3,0.0014193000006343937,"[0.0020512999999482417, 0.0013627000007545575, 0.0014193000006343937]",53,26,12,0,0
n16_3396,16,4,5,c_without_failed_state_memoization,3,0.0018641000006027753,"[0.0015026999990368495, 0.0021655000000464497, 0.0018641000006027753]",53,26,12,0,0
n16_3396,16,4,5,c_without_near_leaf_maximality_pruning,3,0.0012581999999383697,"[0.0012581999999383697, 0.001259599999684724, 0.0012557999998534797]",97,70,0,0,0
n16_3449,16,3,0,c_full,3,6.810000013501849e-05,"[6.880000000819564e-05, 6.810000013501849e-05, 6.779999966965988e-05]",4,1,0,0,0
n16_3449,16,3,0,c_without_defect_budget,3,0.0006450000000768341,"[0.0006422000005841255, 0.0006450000000768341, 0.0006575999996130122]",19,11,3,0,0
n16_3449,16,3,0,c_without_zero_defect_special_solver,3,0.0005175999995117309,"[0.0004903999997623032, 0.0005175999995117309, 0.0005407999997260049]",18,11,2,0,0
n16_3449,16,3,0,c_without_failed_state_memoization,3,8.10999990790151e-05,"[0.0003485000015643891, 8.10999990790151e-05, 7.809999988239724e-05]",4,1,0,0,0
n16_3449,16,3,0,c_without_near_leaf_maximality_pruning,3,7.15000005584443e-05,"[6.649999886576552e-05, 7.15000005584443e-05, 7.310000000870787e-05]",4,1,0,0,0
n16_3480,16,4,5,c_full,3,0.0008586999992985511,"[0.0008664999986649491, 0.0008517000005667796, 0.0008586999992985511]",31,13,10,0,0
n16_3480,16,4,5,c_without_defect_budget,3,0.000896799998372444,"[0.0012924999991810182, 0.000876300000527408, 0.000896799998372444]",31,13,10,0,0
n16_3480,16,4,5,c_without_zero_defect_special_solver,3,0.0012076000002707588,"[0.0012076000002707588, 0.0012776000003213994, 0.0010488999996596249]",31,13,10,0,0
n16_3480,16,4,5,c_without_failed_state_memoization,3,0.001600499999767635,"[0.001600499999767635, 0.0012705000008281786, 0.0018702999986999203]",31,13,10,0,0
n16_3480,16,4,5,c_without_near_leaf_maximality_pruning,3,0.0009995999989769189,"[0.0009549000005790731, 0.001473600001190789, 0.0009995999989769189]",73,55,0,0,0
n16_3562,16,4,5,c_full,3,0.00034720000076049473,"[0.00032869999995455146, 0.0007628000003023772, 0.00034720000076049473]",6,2,0,0,0
n16_3562,16,4,5,c_without_defect_budget,3,0.0005751000007876428,"[0.0005751000007876428, 0.0006884000013087643, 0.0005696999996871455]",6,2,0,0,0
n16_3562,16,4,5,c_without_zero_defect_special_solver,3,0.0003454999987297924,"[0.0005538000004889909, 0.0003454999987297924, 0.0003431999994063517]",6,2,0,0,0
n16_3562,16,4,5,c_without_failed_state_memoization,3,0.0003509999987727497,"[0.0005110000001877779, 0.00035039999966102187, 0.0003509999987727497]",6,2,0,0,0
n16_3562,16,4,5,c_without_near_leaf_maximality_pruning,3,0.00028000000020256266,"[0.00027460000092105474, 0.0002814999988913769, 0.00028000000020256266]",6,2,0,0,0
n16_3645,16,4,5,c_full,3,0.001094100000045728,"[0.0015769000001455424, 0.001094100000045728, 0.0010753000005934155]",47,26,6,0,0
n16_3645,16,4,5,c_without_defect_budget,3,0.0014021999995748047,"[0.0014021999995748047, 0.002021600001171464, 0.001200500000777538]",47,26,6,0,0
n16_3645,16,4,5,c_without_zero_defect_special_solver,3,0.001118099999075639,"[0.0010415999986435054, 0.001118099999075639, 0.0014050000008865027]",47,26,6,0,0
n16_3645,16,4,5,c_without_failed_state_memoization,3,0.0010943999986920971,"[0.0010160000001633307, 0.0010943999986920971, 0.0014881999995850492]",47,26,6,0,0
n16_3645,16,4,5,c_without_near_leaf_maximality_pruning,3,0.0011663000004773494,"[0.002464900000632042, 0.0011663000004773494, 0.0011314000003039837]",93,72,0,0,0
n16_3728,16,4,5,c_full,3,0.0005189000003156252,"[0.0005464999994728714, 0.00031320000016421545, 0.0005189000003156252]",5,1,0,0,0
n16_3728,16,4,5,c_without_defect_budget,3,0.0003544999999576248,"[0.0003544999999576248, 0.0003139000000373926, 0.0005524999996850966]",5,1,0,0,0
n16_3728,16,4,5,c_without_zero_defect_special_solver,3,0.0004559999997582054,"[0.00033149999944726005, 0.0004559999997582054, 0.0007980000009411015]",5,1,0,0,0
n16_3728,16,4,5,c_without_failed_state_memoization,3,0.0005394999989221105,"[0.0006458999996539205, 0.0004473999997571809, 0.0005394999989221105]",5,1,0,0,0
n16_3728,16,4,5,c_without_near_leaf_maximality_pruning,3,0.00034019999839074444,"[0.00026869999965128954, 0.0004305000002204906, 0.00034019999839074444]",5,1,0,0,0
n16_3811,16,4,5,c_full,3,0.0004347000012785429,"[0.000522399999681511, 0.0004347000012785429, 0.00034950000008393545]",6,2,0,0,0
n16_3811,16,4,5,c_without_defect_budget,3,0.00032920000012381934,"[0.00036189999991620425, 0.00032579999970039353, 0.00032920000012381934]",6,2,0,0,0
n16_3811,16,4,5,c_without_zero_defect_special_solver,3,0.0003270999986852985,"[0.0003249000001233071, 0.00033040000016626436, 0.0003270999986852985]",6,2,0,0,0
n16_3811,16,4,5,c_without_failed_state_memoization,3,0.0005440999993879814,"[0.0006015000017214334, 0.00033149999944726005, 0.0005440999993879814]",6,2,0,0,0
n16_3811,16,4,5,c_without_near_leaf_maximality_pruning,3,0.00027909999880648684,"[0.00027909999880648684, 0.0002832000009220792, 0.00026330000036978163]",6,2,0,0,0
n16_3893,16,4,5,c_full,3,0.000445699999545468,"[0.00045589999899675604, 0.000445699999545468, 0.0004447999999683816]",8,1,3,0,0
n16_3893,16,4,5,c_without_defect_budget,3,0.00046180000026652124,"[0.0010676999991119374, 0.00046180000026652124, 0.0004228999987390125]",8,1,3,0,0
n16_3893,16,4,5,c_without_zero_defect_special_solver,3,0.0004247999986546347,"[0.0004247999986546347, 0.0004346000005170936, 0.00041590000000724103]",8,1,3,0,0
n16_3893,16,4,5,c_without_failed_state_memoization,3,0.00042639999992388766,"[0.00042639999992388766, 0.00043259999984002206, 0.00042639999992388766]",8,1,3,0,0
n16_3893,16,4,5,c_without_near_leaf_maximality_pruning,3,0.00048440000136906747,"[0.0005915000001550652, 0.00045309999950404745, 0.00048440000136906747]",25,18,0,0,0
n16_3976,16,4,5,c_full,3,0.0003453999997873325,"[0.0003453999997873325, 0.0006163999987620628, 0.00033599999915168155]",5,1,0,0,0
n16_3976,16,4,5,c_without_defect_budget,3,0.0003268000000389293,"[0.00031540000054519624, 0.0003268000000389293, 0.000331900000674068]",5,1,0,0,0
n16_3976,16,4,5,c_without_zero_defect_special_solver,3,0.000361700000212295,"[0.000361700000212295, 0.0003473999986454146, 0.0005058999995526392]",5,1,0,0,0
n16_3976,16,4,5,c_without_failed_state_memoization,3,0.00037169999995967373,"[0.0003311000000394415, 0.00037169999995967373, 0.000692400000843918]",5,1,0,0,0
n16_3976,16,4,5,c_without_near_leaf_maximality_pruning,3,0.0002669000004971167,"[0.00044379999962984584, 0.0002669000004971167, 0.00026559999969322234]",5,1,0,0,0
n16_4059,16,4,5,c_full,3,0.0026852999999391614,"[0.0026852999999391614, 0.004666200000428944, 0.002675699999599601]",160,101,16,0,0
n16_4059,16,4,5,c_without_defect_budget,3,0.0033588000005693175,"[0.0033588000005693175, 0.0028929000000061933, 0.003478700000414392]",160,101,16,0,0
n16_4059,16,4,5,c_without_zero_defect_special_solver,3,0.0031369000007543946,"[0.0027241999996476807, 0.0031369000007543946, 0.004576199999064556]",160,101,16,0,0
n16_4059,16,4,5,c_without_failed_state_memoization,3,0.003440799999225419,"[0.003440799999225419, 0.003476500000033411, 0.0031686000002082437]",160,101,16,0,0
n16_4059,16,4,5,c_without_near_leaf_maximality_pruning,3,0.0026288000008207746,"[0.0023194000004878035, 0.003077800000028219, 0.0026288000008207746]",221,151,0,0,0
