n,k,lower_bound,exact_mu,exact_runtime_seconds,family,graph6,matching,c_F,t_H,H_types
4,1,1,1,0.0001239739999618905,K4,C~,"((0, 1),)",1,1,"('P2',)"
6,1,1,1,0.00025259399990318343,path_cycle,EtTg,"((0, 1),)",1,0,"('C4',)"
8,2,2,2,0.0003117719998044777,cube,Gl_XIS,"((0, 1), (2, 6))",1,1,"('P4',)"
10,2,2,2,0.0007531470000685658,path_cycle,IhaIHCPEG,"((0, 1), (2, 3))",1,0,"('C6',)"
12,3,3,3,0.000918212000215135,hexagonal_prism,KhEKAC`CGO_p,"((0, 1), (2, 3), (4, 10))",1,1,"('P6',)"
14,3,3,3,0.0034989600003427768,path_cycle,MhCKCD@GG_`@@@@__,"((0, 1), (2, 3), (4, 5))",1,0,"('C8',)"
16,3,3,3,0.005299630000081379,odd_max_base,O`?IOSDDK?O@OBG?C?G_B,"((0, 1), (2, 3), (4, 5))",3,1,"('C3', 'C3', 'P4')"
18,4,4,4,0.027948371000093175,path_cycle,QhCGGE?_I?c@C@A?__GC@?OC@_G,"((0, 1), (2, 3), (4, 5), (6, 7))",1,0,"('C10',)"
20,4,4,4,0.03918250399965473,all_orders_extremal,S`Ggie?_I@_??@??`?G?G?@C?AG?AG?@c,"((0, 1), (2, 3), (11, 12), (13, 14))",3,1,"('C3', 'C5', 'P4')"
22,5,5,5,0.25507649499968466,path_cycle,UhCGGC@?K?O@O@G?a?GO@@?CA?GA?G@?C?O@?E?G,"((0, 1), (2, 3), (4, 5), (6, 7), (8, 9))",1,0,"('C12',)"
24,5,5,5,0.3848329829997965,all_orders_extremal,W`Ggie?_I@_??@??_?G?@A?C?C??GG?CC?@@??GG??__?@`,"((0, 1), (2, 3), (11, 12), (13, 14), (15, 16))",3,1,"('C3', 'C7', 'P4')"
26,5,5,5,0.6773043200000757,odd_max_base,Y`?IOSDDH?C@CB_?O?I?@????@G??O??S??F??????__??A???D???B_,"((0, 1), (2, 3), (4, 5), (19, 20), (24, 25))",5,2,"('C3', 'C3', 'C3', 'P3', 'P4')"
28,6,6,not_run,not_run,all_orders_extremal,[`Ggie?_I@_??@??_?G?@??C??GO?G?G??C@??_G?A?_?C@??C@??A?_??_G??E@,"((0, 1), (2, 3), (11, 12), (13, 14), (15, 16), (17, 18))",3,1,"('C3', 'C9', 'P4')"
30,6,6,not_run,not_run,all_orders_extremal,]`?IOSDDH?C@CB_?O?I?@?????W??O??S??F???????_??@??O@???C???AG???P???@C???BG,"((0, 1), (2, 3), (4, 5), (16, 17), (21, 22), (23, 24))",5,2,"('C3', 'C3', 'C5', 'P3', 'P4')"
32,7,7,not_run,not_run,all_orders_extremal,_`Ggie?_I@_??@??_?G?@??C??G??G??CG?@?@???G?_?O@??O@??G?_?A?G??O@??@?C??A?G??A?G??@_C,"((0, 1), (2, 3), (11, 12), (13, 14), (15, 16), (17, 18), (19, 20))",3,1,"('C11', 'C3', 'P4')"
34,7,7,not_run,not_run,all_orders_extremal,a`?IOSDDH?C@CB_?O?I?@?????W??O??S??F???????_??@???@????_?G?G???_???CC???GG???GG???CC???@@????KG,"((0, 1), (2, 3), (4, 5), (16, 17), (21, 22), (23, 24), (25, 26))",5,2,"('C3', 'C3', 'C7', 'P3', 'P4')"
36,7,7,not_run,not_run,odd_max_base,c`?IOSDDH?C@CB_?O?I?@????@G?????c??A???g??B_?@???A@??@?_???????H????G????g????w????????@@?????O????A_????F,"((0, 1), (2, 3), (4, 5), (19, 20), (24, 25), (32, 33), (37, 38))",7,3,"('C3', 'C3', 'C3', 'C3', 'P3', 'P3', 'P4')"
38,8,8,not_run,not_run,all_orders_extremal,e`?IOSDDH?C@CB_?O?I?@?????W??O??S??F???????_??@???@????_???G???@??O?C???O????_G???OC???C@????_G???A?_???C@????C@????B?_,"((0, 1), (2, 3), (4, 5), (16, 17), (21, 22), (23, 24), (25, 26), (27, 28))",5,2,"('C3', 'C3', 'C9', 'P3', 'P4')"
40,8,8,not_run,not_run,all_orders_extremal,g`?IOSDDH?C@CB_?O?I?@????@G?????c??A???g??B_?@???A@??@?_???????B????G????g????w?????????@?????G???G?_????G?????P?????G_????AG?????X,"((0, 1), (2, 3), (4, 5), (16, 17), (18, 19), (26, 27), (31, 32), (33, 34))",7,3,"('C3', 'C3', 'C3', 'C5', 'P3', 'P3', 'P4')"
42,9,9,not_run,not_run,all_orders_extremal,i`?IOSDDH?C@CB_?O?I?@?????W??O??S??F???????_??@???@????_???G???@????C????G?A??G???_????O@???A?G???G?_???O@????O@????G?_???A?G????O@????@?C????B?G,"((0, 1), (2, 3), (4, 5), (16, 17), (21, 22), (23, 24), (25, 26), (27, 28), (29, 30))",5,2,"('C11', 'C3', 'C3', 'P3', 'P4')"
44,9,9,not_run,not_run,all_orders_extremal,k`?IOSDDH?C@CB_?O?I?@????@G?????c??A???g??B_?@???A@??@?_???????B????G????g????w?????????@?????G?????_????@???@?@?????O?????GG????@@?????CC?????GG?????GG?????EC,"((0, 1), (2, 3), (4, 5), (16, 17), (18, 19), (26, 27), (31, 32), (33, 34), (35, 36))",7,3,"('C3', 'C3', 'C3', 'C7', 'P3', 'P3', 'P4')"
46,9,9,not_run,not_run,odd_max_base,m`?IOSDDH?C@CB_?O?I?@????@G?????c??A???g??B_?@???A@??@?_???????H????????@G????O????S????F????G????@?_???A@???????????C_?????O?????D??????[????????????GG??????G??????D???????w,"((0, 1), (2, 3), (4, 5), (19, 20), (24, 25), (32, 33), (37, 38), (45, 46), (50, 51))",9,4,"('C3', 'C3', 'C3', 'C3', 'C3', 'P3', 'P3', 'P3', 'P4')"
48,10,10,not_run,not_run,all_orders_extremal,o`?IOSDDH?C@CB_?O?I?@????@G?????c??A???g??B_?@???A@??@?_???????B????G????g????w?????????@?????G?????_????@?????@??????_???_?G????A??????OC?????_G?????_G?????OC?????C@??????_G?????A?_?????E@,"((0, 1), (2, 3), (4, 5), (16, 17), (18, 19), (26, 27), (31, 32), (33, 34), (35, 36), (37, 38))",7,3,"('C3', 'C3', 'C3', 'C9', 'P3', 'P3', 'P4')"
50,10,10,not_run,not_run,all_orders_extremal,q`?IOSDDH?C@CB_?O?I?@????@G?????c??A???g??B_?@???A@??@?_???????H????????@G????O????S????F????G????@?_???A@???????????@_?????O?????D??????[?????????????G??????C?????O@??????@???????G_??????P???????P???????K_,"((0, 1), (2, 3), (4, 5), (16, 17), (18, 19), (26, 27), (28, 29), (36, 37), (41, 42), (43, 44))",9,4,"('C3', 'C3', 'C3', 'C3', 'C5', 'P3', 'P3', 'P3', 'P4')"
52,11,11,not_run,not_run,all_orders_extremal,s`?IOSDDH?C@CB_?O?I?@????@G?????c??A???g??B_?@???A@??@?_???????B????G????g????w?????????@?????G?????_????@?????@??????_?????G?????@???@??C????@??????A?G????@?C?????O@?????A?G?????G?_?????O@??????O@??????G?_?????A?G??????W@,"((0, 1), (2, 3), (4, 5), (16, 17), (18, 19), (26, 27), (31, 32), (33, 34), (35, 36), (37, 38), (39, 40))",7,3,"('C11', 'C3', 'C3', 'C3', 'P3', 'P3', 'P4')"
54,11,11,not_run,not_run,all_orders_extremal,u`?IOSDDH?C@CB_?O?I?@????@G?????c??A???g??B_?@???A@??@?_???????H????????@G????O????S????F????G????@?_???A@???????????@_?????O?????D??????[?????????????G??????C??????@???????G?????_?_??????_??????@@???????__??????GG??????@@???????CC???????KG,"((0, 1), (2, 3), (4, 5), (16, 17), (18, 19), (26, 27), (28, 29), (36, 37), (41, 42), (43, 44), (45, 46))",9,4,"('C3', 'C3', 'C3', 'C3', 'C7', 'P3', 'P3', 'P3', 'P4')"
56,11,11,not_run,not_run,odd_max_base,w`?IOSDDH?C@CB_?O?I?@????@G?????c??A???g??B_?@???A@??@?_???????H????????@G????O????S????F????G????@?_???A@???????????C_???????????H??????G??????g??????w?????C??????A@??????OG??????????????H???????A???????A_???????w???????????????CC????????O????????g????????[,"((0, 1), (2, 3), (4, 5), (19, 20), (24, 25), (32, 33), (37, 38), (45, 46), (50, 51), (58, 59), (63, 64))",11,5,"('C3', 'C3', 'C3', 'C3', 'C3', 'C3', 'P3', 'P3', 'P3', 'P3', 'P4')"
58,12,12,not_run,not_run,all_orders_extremal,y`?IOSDDH?C@CB_?O?I?@????@G?????c??A???g??B_?@???A@??@?_???????H????????@G????O????S????F????G????@?_???A@???????????@_?????O?????D??????[?????????????G??????C??????@???????G???????_??????@?????C?@??????@????????_G??????C@???????OC???????_G???????_G???????OC???????C@????????oG,"((0, 1), (2, 3), (4, 5), (16, 17), (18, 19), (26, 27), (28, 29), (36, 37), (41, 42), (43, 44), (45, 46), (47, 48))",9,4,"('C3', 'C3', 'C3', 'C3', 'C9', 'P3', 'P3', 'P3', 'P4')"
60,12,12,not_run,not_run,all_orders_extremal,{`?IOSDDH?C@CB_?O?I?@????@G?????c??A???g??B_?@???A@??@?_???????H????????@G????O????S????F????G????@?_???A@???????????C_???????????H??????G??????g??????w?????C??????A@??????OG??????????????B???????A???????A_???????w????????????????C????????G??????A?G????????_????????P????????AG????????G_????????X,"((0, 1), (2, 3), (4, 5), (16, 17), (18, 19), (26, 27), (28, 29), (36, 37), (38, 39), (46, 47), (51, 52), (53, 54))",11,5,"('C3', 'C3', 'C3', 'C3', 'C3', 'C5', 'P3', 'P3', 'P3', 'P3', 'P4')"
62,13,13,not_run,not_run,all_orders_extremal,}`?IOSDDH?C@CB_?O?I?@????@G?????c??A???g??B_?@???A@??@?_???????H????????@G????O????S????F????G????@?_???A@???????????@_?????O?????D??????[?????????????G??????C??????@???????G???????_??????@???????@????????_????A??G??????G???????@?C??????A?G??????A?G??????@?C???????O@???????A?G???????G?_???????O@????????O@????????K?_,"((0, 1), (2, 3), (4, 5), (16, 17), (18, 19), (26, 27), (28, 29), (36, 37), (41, 42), (43, 44), (45, 46), (47, 48), (49, 50))",9,4,"('C11', 'C3', 'C3', 'C3', 'C3', 'P3', 'P3', 'P3', 'P4')"
64,13,13,not_run,not_run,all_orders_extremal,~?@?`?IOSDDH?C@CB_?O?I?@????@G?????c??A???g??B_?@???A@??@?_???????H????????@G????O????S????F????G????@?_???A@???????????C_???????????H??????G??????g??????w?????C??????A@??????OG??????????????B???????A???????A_???????w????????????????C????????G????????G????????C??????@?@????????C?????????__???????@@????????@@?????????__????????GG????????@`,"((0, 1), (2, 3), (4, 5), (16, 17), (18, 19), (26, 27), (28, 29), (36, 37), (38, 39), (46, 47), (51, 52), (53, 54), (55, 56))",11,5,"('C3', 'C3', 'C3', 'C3', 'C3', 'C7', 'P3', 'P3', 'P3', 'P3', 'P4')"
66,13,13,not_run,not_run,odd_max_base,~?@A`?IOSDDH?C@CB_?O?I?@????@G?????c??A???g??B_?@???A@??@?_???????H????????@G????O????S????F????G????@?_???A@???????????C_???????????H??????G??????g??????w?????C??????A@??????OG??????????????H???????????????C_???????O???????D????????[???????G????????OG???????GC?????????????????@G????????@?????????D?????????F???????????????????GG?????????A??????????S??????????w,"((0, 1), (2, 3), (4, 5), (19, 20), (24, 25), (32, 33), (37, 38), (45, 46), (50, 51), (58, 59), (63, 64), (71, 72), (76, 77))",13,6,"('C3', 'C3', 'C3', 'C3', 'C3', 'C3', 'C3', 'P3', 'P3', 'P3', 'P3', 'P3', 'P4')"
68,14,14,not_run,not_run,all_orders_extremal,~?@C`?IOSDDH?C@CB_?O?I?@????@G?????c??A???g??B_?@???A@??@?_???????H????????@G????O????S????F????G????@?_???A@???????????C_???????????H??????G??????g??????w?????C??????A@??????OG??????????????B???????A???????A_???????w????????????????C????????G????????G????????C????????@?????????G??????A??_???????A?????????C@????????A?_????????_G????????C@?????????OC?????????_G?????????_G?????????WC,"((0, 1), (2, 3), (4, 5), (16, 17), (18, 19), (26, 27), (28, 29), (36, 37), (38, 39), (46, 47), (51, 52), (53, 54), (55, 56), (57, 58))",11,5,"('C3', 'C3', 'C3', 'C3', 'C3', 'C9', 'P3', 'P3', 'P3', 'P3', 'P4')"
70,14,14,not_run,not_run,all_orders_extremal,~?@E`?IOSDDH?C@CB_?O?I?@????@G?????c??A???g??B_?@???A@??@?_???????H????????@G????O????S????F????G????@?_???A@???????????C_???????????H??????G??????g??????w?????C??????A@??????OG??????????????H???????????????C_???????O???????D????????[???????G????????OG???????GC??????????????????W????????@?????????D?????????F????????????????????G?????????@????????@?C?????????@??????????AG?????????@C??????????P??????????BG,"((0, 1), (2, 3), (4, 5), (16, 17), (18, 19), (26, 27), (28, 29), (36, 37), (38, 39), (46, 47), (48, 49), (56, 57), (61, 62), (63, 64))",13,6,"('C3', 'C3', 'C3', 'C3', 'C3', 'C3', 'C5', 'P3', 'P3', 'P3', 'P3', 'P3', 'P4')"
72,15,15,not_run,not_run,all_orders_extremal,~?@G`?IOSDDH?C@CB_?O?I?@????@G?????c??A???g??B_?@???A@??@?_???????H????????@G????O????S????F????G????@?_???A@???????????C_???????????H??????G??????g??????w?????C??????A@??????OG??????????????B???????A???????A_???????w????????????????C????????G????????G????????C????????@?????????G?????????_????????@???????O?@????????C?????????A?G????????O@????????@?C????????A?G????????A?G????????@?C?????????O@?????????A?G?????????G?_?????????W@,"((0, 1), (2, 3), (4, 5), (16, 17), (18, 19), (26, 27), (28, 29), (36, 37), (38, 39), (46, 47), (51, 52), (53, 54), (55, 56), (57, 58), (59, 60))",11,5,"('C11', 'C3', 'C3', 'C3', 'C3', 'C3', 'P3', 'P3', 'P3', 'P3', 'P4')"
74,15,15,not_run,not_run,all_orders_extremal,~?@I`?IOSDDH?C@CB_?O?I?@????@G?????c??A???g??B_?@???A@??@?_???????H????????@G????O????S????F????G????@?_???A@???????????C_???????????H??????G??????g??????w?????C??????A@??????OG??????????????H???????????????C_???????O???????D????????[???????G????????OG???????GC??????????????????W????????@?????????D?????????F????????????????????G?????????@??????????C??????????G????????G?G?????????A??????????@@??????????GG??????????__?????????@@??????????@@???????????o_,"((0, 1), (2, 3), (4, 5), (16, 17), (18, 19), (26, 27), (28, 29), (36, 37), (38, 39), (46, 47), (48, 49), (56, 57), (61, 62), (63, 64), (65, 66))",13,6,"('C3', 'C3', 'C3', 'C3', 'C3', 'C3', 'C7', 'P3', 'P3', 'P3', 'P3', 'P3', 'P4')"
76,15,15,not_run,not_run,odd_max_base,~?@K`?IOSDDH?C@CB_?O?I?@????@G?????c??A???g??B_?@???A@??@?_???????H????????@G????O????S????F????G????@?_???A@???????????C_???????????H??????G??????g??????w?????C??????A@??????OG??????????????H???????????????C_???????O???????D????????[???????G????????OG???????GC?????????????????@G??????????????????H?????????A?????????A_?????????w????????@??????????GC?????????OG?????????????????????c??????????A???????????g??????????B_?????????????????????@@???????????@????????????g???????????F,"((0, 1), (2, 3), (4, 5), (19, 20), (24, 25), (32, 33), (37, 38), (45, 46), (50, 51), (58, 59), (63, 64), (71, 72), (76, 77), (84, 85), (89, 90))",15,7,"('C3', 'C3', 'C3', 'C3', 'C3', 'C3', 'C3', 'C3', 'P3', 'P3', 'P3', 'P3', 'P3', 'P3', 'P4')"
78,16,16,not_run,not_run,all_orders_extremal,~?@M`?IOSDDH?C@CB_?O?I?@????@G?????c??A???g??B_?@???A@??@?_???????H????????@G????O????S????F????G????@?_???A@???????????C_???????????H??????G??????g??????w?????C??????A@??????OG??????????????H???????????????C_???????O???????D????????[???????G????????OG???????GC??????????????????W????????@?????????D?????????F????????????????????G?????????@??????????C??????????G??????????G??????????C????????C?@??????????O??????????A?_?????????C@??????????C@??????????A?_??????????_G??????????C@???????????OC???????????oG,"((0, 1), (2, 3), (4, 5), (16, 17), (18, 19), (26, 27), (28, 29), (36, 37), (38, 39), (46, 47), (48, 49), (56, 57), (61, 62), (63, 64), (65, 66), (67, 68))",13,6,"('C3', 'C3', 'C3', 'C3', 'C3', 'C3', 'C9', 'P3', 'P3', 'P3', 'P3', 'P3', 'P4')"
80,16,16,not_run,not_run,all_orders_extremal,~?@O`?IOSDDH?C@CB_?O?I?@????@G?????c??A???g??B_?@???A@??@?_???????H????????@G????O????S????F????G????@?_???A@???????????C_???????????H??????G??????g??????w?????C??????A@??????OG??????????????H???????????????C_???????O???????D????????[???????G????????OG???????GC?????????????????@G??????????????????H?????????A?????????A_?????????w????????@??????????GC?????????OG?????????????????????K??????????A???????????g??????????B_??????????????????????@????????????_?????????A?G???????????G???????????@C???????????AG???????????AG???????????@c,"((0, 1), (2, 3), (4, 5), (16, 17), (18, 19), (26, 27), (28, 29), (36, 37), (38, 39), (46, 47), (48, 49), (56, 57), (58, 59), (66, 67), (71, 72), (73, 74))",15,7,"('C3', 'C3', 'C3', 'C3', 'C3', 'C3', 'C3', 'C5', 'P3', 'P3', 'P3', 'P3', 'P3', 'P3', 'P4')"
82,17,17,not_run,not_run,all_orders_extremal,~?@Q`?IOSDDH?C@CB_?O?I?@????@G?????c??A???g??B_?@???A@??@?_???????H????????@G????O????S????F????G????@?_???A@???????????C_???????????H??????G??????g??????w?????C??????A@??????OG??????????????H???????????????C_???????O???????D????????[???????G????????OG???????GC??????????????????W????????@?????????D?????????F????????????????????G?????????@??????????C??????????G??????????G??????????C??????????@???????????G????????G??_?????????G???????????O@??????????G?_?????????A?G??????????O@??????????@?C??????????A?G??????????A?G??????????@?C???????????O@???????????B?G,"((0, 1), (2, 3), (4, 5), (16, 17), (18, 19), (26, 27), (28, 29), (36, 37), (38, 39), (46, 47), (48, 49), (56, 57), (61, 62), (63, 64), (65, 66), (67, 68), (69, 70))",13,6,"('C11', 'C3', 'C3', 'C3', 'C3', 'C3', 'C3', 'P3', 'P3', 'P3', 'P3', 'P3', 'P4')"
84,17,17,not_run,not_run,all_orders_extremal,~?@S`?IOSDDH?C@CB_?O?I?@????@G?????c??A???g??B_?@???A@??@?_???????H????????@G????O????S????F????G????@?_???A@???????????C_???????????H??????G??????g??????w?????C??????A@??????OG??????????????H???????????????C_???????O???????D????????[???????G????????OG???????GC?????????????????@G??????????????????H?????????A?????????A_?????????w????????@??????????GC?????????OG?????????????????????K??????????A???????????g??????????B_??????????????????????@????????????_???????????G???????????@??????????C?C???????????C????????????GG???????????CC???????????@@????????????GG????????????__???????????@`,"((0, 1), (2, 3), (4, 5), (16, 17), (18, 19), (26, 27), (28, 29), (36, 37), (38, 39), (46, 47), (48, 49), (56, 57), (58, 59), (66, 67), (71, 72), (73, 74), (75, 76))",15,7,"('C3', 'C3', 'C3', 'C3', 'C3', 'C3', 'C3', 'C7', 'P3', 'P3', 'P3', 'P3', 'P3', 'P3', 'P4')"
86,17,17,not_run,not_run,odd_max_base,~?@U`?IOSDDH?C@CB_?O?I?@????@G?????c??A???g??B_?@???A@??@?_???????H????????@G????O????S????F????G????@?_???A@???????????C_???????????H??????G??????g??????w?????C??????A@??????OG??????????????H???????????????C_???????O???????D????????[???????G????????OG???????GC?????????????????@G??????????????????H?????????A?????????A_?????????w????????@??????????GC?????????OG?????????????????????c?????????????????????@G??????????@???????????D???????????F???????????_???????????OG??????????A@????????????????????????@G????????????O????????????S????????????F??????????????????????????__????????????A?????????????D?????????????B_,"((0, 1), (2, 3), (4, 5), (19, 20), (24, 25), (32, 33), (37, 38), (45, 46), (50, 51), (58, 59), (63, 64), (71, 72), (76, 77), (84, 85), (89, 90), (97, 98), (102, 103))",17,8,"('C3', 'C3', 'C3', 'C3', 'C3', 'C3', 'C3', 'C3', 'C3', 'P3', 'P3', 'P3', 'P3', 'P3', 'P3', 'P3', 'P4')"
88,18,18,not_run,not_run,all_orders_extremal,~?@W`?IOSDDH?C@CB_?O?I?@????@G?????c??A???g??B_?@???A@??@?_???????H????????@G????O????S????F????G????@?_???A@???????????C_???????????H??????G??????g??????w?????C??????A@??????OG??????????????H???????????????C_???????O???????D????????[???????G????????OG???????GC?????????????????@G??????????????????H?????????A?????????A_?????????w????????@??????????GC?????????OG?????????????????????K??????????A???????????g??????????B_??????????????????????@????????????_???????????G???????????@????????????C????????????G??????????_?G???????????G????????????C@????????????_G???????????A?_???????????C@????????????C@????????????A?_????????????_G????????????E@,"((0, 1), (2, 3), (4, 5), (16, 17), (18, 19), (26, 27), (28, 29), (36, 37), (38, 39), (46, 47), (48, 49), (56, 57), (58, 59), (66, 67), (71, 72), (73, 74), (75, 76), (77, 78))",15,7,"('C3', 'C3', 'C3', 'C3', 'C3', 'C3', 'C3', 'C9', 'P3', 'P3', 'P3', 'P3', 'P3', 'P3', 'P4')"
90,18,18,not_run,not_run,all_orders_extremal,~?@Y`?IOSDDH?C@CB_?O?I?@????@G?????c??A???g??B_?@???A@??@?_???????H????????@G????O????S????F????G????@?_???A@???????????C_???????????H??????G??????g??????w?????C??????A@??????OG??????????????H???????????????C_???????O???????D????????[???????G????????OG???????GC?????????????????@G??????????????????H?????????A?????????A_?????????w????????@??????????GC?????????OG?????????????????????c?????????????????????@G??????????@???????????D???????????F???????????_???????????OG??????????A@?????????????????????????W????????????O????????????S????????????F???????????????????????????_????????????@????????????O@?????????????C?????????????AG?????????????P?????????????@C?????????????BG,"((0, 1), (2, 3), (4, 5), (16, 17), (18, 19), (26, 27), (28, 29), (36, 37), (38, 39), (46, 47), (48, 49), (56, 57), (58, 59), (66, 67), (68, 69), (76, 77), (81, 82), (83, 84))",17,8,"('C3', 'C3', 'C3', 'C3', 'C3', 'C3', 'C3', 'C3', 'C5', 'P3', 'P3', 'P3', 'P3', 'P3', 'P3', 'P3', 'P4')"
92,19,19,not_run,not_run,all_orders_extremal,~?@[`?IOSDDH?C@CB_?O?I?@????@G?????c??A???g??B_?@???A@??@?_???????H????????@G????O????S????F????G????@?_???A@???????????C_???????????H??????G??????g??????w?????C??????A@??????OG??????????????H???????????????C_???????O???????D????????[???????G????????OG???????GC?????????????????@G??????????????????H?????????A?????????A_?????????w????????@??????????GC?????????OG?????????????????????K??????????A???????????g??????????B_??????????????????????@????????????_???????????G???????????@????????????C????????????G????????????G????????????C??????????O?@???????????@?????????????G?_???????????O@????????????O@????????????G?_???????????A?G????????????O@????????????@?C????????????A?G????????????A?G????????????@_C,"((0, 1), (2, 3), (4, 5), (16, 17), (18, 19), (26, 27), (28, 29), (36, 37), (38, 39), (46, 47), (48, 49), (56, 57), (58, 59), (66, 67), (71, 72), (73, 74), (75, 76), (77, 78), (79, 80))",15,7,"('C11', 'C3', 'C3', 'C3', 'C3', 'C3', 'C3', 'C3', 'P3', 'P3', 'P3', 'P3', 'P3', 'P3', 'P4')"
94,19,19,not_run,not_run,all_orders_extremal,~?@]`?IOSDDH?C@CB_?O?I?@????@G?????c??A???g??B_?@???A@??@?_???????H????????@G????O????S????F????G????@?_???A@???????????C_???????????H??????G??????g??????w?????C??????A@??????OG??????????????H???????????????C_???????O???????D????????[???????G????????OG???????GC?????????????????@G??????????????????H?????????A?????????A_?????????w????????@??????????GC?????????OG?????????????????????c?????????????????????@G??????????@???????????D???????????F???????????_???????????OG??????????A@?????????????????????????W????????????O????????????S????????????F???????????????????????????_????????????@?????????????@??????????????_???????????G?G?????????????_?????????????CC?????????????GG?????????????GG?????????????CC?????????????@@??????????????KG,"((0, 1), (2, 3), (4, 5), (16, 17), (18, 19), (26, 27), (28, 29), (36, 37), (38, 39), (46, 47), (48, 49), (56, 57), (58, 59), (66, 67), (68, 69), (76, 77), (81, 82), (83, 84), (85, 86))",17,8,"('C3', 'C3', 'C3', 'C3', 'C3', 'C3', 'C3', 'C3', 'C7', 'P3', 'P3', 'P3', 'P3', 'P3', 'P3', 'P3', 'P4')"
96,19,19,not_run,not_run,odd_max_base,~?@_`?IOSDDH?C@CB_?O?I?@????@G?????c??A???g??B_?@???A@??@?_???????H????????@G????O????S????F????G????@?_???A@???????????C_???????????H??????G??????g??????w?????C??????A@??????OG??????????????H???????????????C_???????O???????D????????[???????G????????OG???????GC?????????????????@G??????????????????H?????????A?????????A_?????????w????????@??????????GC?????????OG?????????????????????c?????????????????????@G??????????@???????????D???????????F???????????_???????????OG??????????A@????????????????????????@G?????????????????????????c????????????A?????????????g????????????B_???????????@?????????????A@????????????@?_???????????????????????????H??????????????G??????????????g??????????????w????????????????????????????@@???????????????O??????????????A_??????????????F,"((0, 1), (2, 3), (4, 5), (19, 20), (24, 25), (32, 33), (37, 38), (45, 46), (50, 51), (58, 59), (63, 64), (71, 72), (76, 77), (84, 85), (89, 90), (97, 98), (102, 103), (110, 111), (115, 116))",19,9,"('C3', 'C3', 'C3', 'C3', 'C3', 'C3', 'C3', 'C3', 'C3', 'C3', 'P3', 'P3', 'P3', 'P3', 'P3', 'P3', 'P3', 'P3', 'P4')"
98,20,20,not_run,not_run,all_orders_extremal,~?@a`?IOSDDH?C@CB_?O?I?@????@G?????c??A???g??B_?@???A@??@?_???????H????????@G????O????S????F????G????@?_???A@???????????C_???????????H??????G??????g??????w?????C??????A@??????OG??????????????H???????????????C_???????O???????D????????[???????G????????OG???????GC?????????????????@G??????????????????H?????????A?????????A_?????????w????????@??????????GC?????????OG?????????????????????c?????????????????????@G??????????@???????????D???????????F???????????_???????????OG??????????A@?????????????????????????W????????????O????????????S????????????F???????????????????????????_????????????@?????????????@??????????????_?????????????G?????????????@????????????O?C?????????????O??????????????_G?????????????OC?????????????C@??????????????_G?????????????A?_?????????????C@??????????????C@??????????????B?_,"((0, 1), (2, 3), (4, 5), (16, 17), (18, 19), (26, 27), (28, 29), (36, 37), (38, 39), (46, 47), (48, 49), (56, 57), (58, 59), (66, 67), (68, 69), (76, 77), (81, 82), (83, 84), (85, 86), (87, 88))",17,8,"('C3', 'C3', 'C3', 'C3', 'C3', 'C3', 'C3', 'C3', 'C9', 'P3', 'P3', 'P3', 'P3', 'P3', 'P3', 'P3', 'P4')"
100,20,20,not_run,not_run,all_orders_extremal,~?@c`?IOSDDH?C@CB_?O?I?@????@G?????c??A???g??B_?@???A@??@?_???????H????????@G????O????S????F????G????@?_???A@???????????C_???????????H??????G??????g??????w?????C??????A@??????OG??????????????H???????????????C_???????O???????D????????[???????G????????OG???????GC?????????????????@G??????????????????H?????????A?????????A_?????????w????????@??????????GC?????????OG?????????????????????c?????????????????????@G??????????@???????????D???????????F???????????_???????????OG??????????A@????????????????????????@G?????????????????????????c????????????A?????????????g????????????B_???????????@?????????????A@????????????@?_???????????????????????????B??????????????G??????????????g??????????????w?????????????????????????????@???????????????G?????????????G?_??????????????G???????????????P???????????????G_??????????????AG???????????????X,"((0, 1), (2, 3), (4, 5), (16, 17), (18, 19), (26, 27), (28, 29), (36, 37), (38, 39), (46, 47), (48, 49), (56, 57), (58, 59), (66, 67), (68, 69), (76, 77), (78, 79), (86, 87), (91, 92), (93, 94))",19,9,"('C3', 'C3', 'C3', 'C3', 'C3', 'C3', 'C3', 'C3', 'C3', 'C5', 'P3', 'P3', 'P3', 'P3', 'P3', 'P3', 'P3', 'P3', 'P4')"
