n,f3_exact,formula,certification
4,1,ceil((n-1)/5),proved lower bound + explicit construction
6,1,ceil((n-1)/5),proved lower bound + explicit construction
8,2,ceil((n-1)/5),proved lower bound + explicit construction
10,2,ceil((n-1)/5),proved lower bound + explicit construction
12,3,ceil((n-1)/5),proved lower bound + explicit construction
14,3,ceil((n-1)/5),proved lower bound + explicit construction
16,3,ceil((n-1)/5),proved lower bound + explicit construction
18,4,ceil((n-1)/5),proved lower bound + explicit construction
20,4,ceil((n-1)/5),proved lower bound + explicit construction
22,5,ceil((n-1)/5),proved lower bound + explicit construction
24,5,ceil((n-1)/5),proved lower bound + explicit construction
26,5,ceil((n-1)/5),proved lower bound + explicit construction
28,6,ceil((n-1)/5),proved lower bound + explicit construction
30,6,ceil((n-1)/5),proved lower bound + explicit construction
32,7,ceil((n-1)/5),proved lower bound + explicit construction
34,7,ceil((n-1)/5),proved lower bound + explicit construction
36,7,ceil((n-1)/5),proved lower bound + explicit construction
38,8,ceil((n-1)/5),proved lower bound + explicit construction
40,8,ceil((n-1)/5),proved lower bound + explicit construction
42,9,ceil((n-1)/5),proved lower bound + explicit construction
44,9,ceil((n-1)/5),proved lower bound + explicit construction
46,9,ceil((n-1)/5),proved lower bound + explicit construction
48,10,ceil((n-1)/5),proved lower bound + explicit construction
50,10,ceil((n-1)/5),proved lower bound + explicit construction
52,11,ceil((n-1)/5),proved lower bound + explicit construction
54,11,ceil((n-1)/5),proved lower bound + explicit construction
56,11,ceil((n-1)/5),proved lower bound + explicit construction
58,12,ceil((n-1)/5),proved lower bound + explicit construction
60,12,ceil((n-1)/5),proved lower bound + explicit construction
62,13,ceil((n-1)/5),proved lower bound + explicit construction
64,13,ceil((n-1)/5),proved lower bound + explicit construction
66,13,ceil((n-1)/5),proved lower bound + explicit construction
68,14,ceil((n-1)/5),proved lower bound + explicit construction
70,14,ceil((n-1)/5),proved lower bound + explicit construction
72,15,ceil((n-1)/5),proved lower bound + explicit construction
74,15,ceil((n-1)/5),proved lower bound + explicit construction
76,15,ceil((n-1)/5),proved lower bound + explicit construction
78,16,ceil((n-1)/5),proved lower bound + explicit construction
80,16,ceil((n-1)/5),proved lower bound + explicit construction
82,17,ceil((n-1)/5),proved lower bound + explicit construction
84,17,ceil((n-1)/5),proved lower bound + explicit construction
86,17,ceil((n-1)/5),proved lower bound + explicit construction
88,18,ceil((n-1)/5),proved lower bound + explicit construction
90,18,ceil((n-1)/5),proved lower bound + explicit construction
92,19,ceil((n-1)/5),proved lower bound + explicit construction
94,19,ceil((n-1)/5),proved lower bound + explicit construction
96,19,ceil((n-1)/5),proved lower bound + explicit construction
98,20,ceil((n-1)/5),proved lower bound + explicit construction
100,20,ceil((n-1)/5),proved lower bound + explicit construction
