family,r,leaf_excess,n,k,formula,graph6,matching,exact_mu,exact_runtime_seconds,lower_bound,c_F,t_H,H_types
one_fifth,0,0,16,3,n=5k+1-q,O`?IOSDDK?O@OBG?C?G_B,"((0, 1), (2, 3), (4, 5))",3,0.00559566999999106,3,3,1,"('C3', 'C3', 'P4')"
one_fifth,0,1,20,4,n=5k+1-q,Sh?G?CQ?gA_h_?_?g?H?@C?cG??O?GG?K,"((0, 1), (2, 3), (4, 5), (6, 7))",4,0.04834549299999935,4,3,1,"('C3', 'C5', 'P4')"
one_fifth,0,2,24,5,n=5k+1-q,WhCG?C??GH?D?D?So?C?@O?C_?G_?GO?CC?`?_??C??_G?B,"((0, 1), (2, 3), (4, 5), (6, 7), (8, 9))",5,0.41252679699999817,5,3,1,"('C3', 'C7', 'P4')"
one_fifth,0,3,28,6,n=5k+1-q,[hCGGC??G??@?Q?A_?g?h_?A??I??H??CO?@A??GG??_O?@?OA@?G???C??G?_?B,"((0, 1), (2, 3), (4, 5), (6, 7), (8, 9), (10, 11))",not_run,not_run,6,3,1,"('C3', 'C9', 'P4')"
one_fifth,0,4,32,7,n=5k+1-q,_hCGGC@?G??@????_AO?D??S?DK??C??D??@G??G_??`??@@??@?_??_G??G@??@?C?_C?G????O??G?G??K,"((0, 1), (2, 3), (4, 5), (6, 7), (8, 9), (10, 11), (12, 13))",not_run,not_run,7,3,1,"('C11', 'C3', 'P4')"
one_fifth,1,0,46,9,n=5k+1-q,m`?G?C??G??@OA?A_?g_H?????I??O??S??D@?@G??????@_??A???A_???gA??H?????????K????O????S????D?C??@H?????C????@C????BA?????@?????GG????B?_?????A?????GA?????W@???????_????@?C?????W,"((0, 1), (2, 3), (4, 5), (6, 7), (8, 9), (10, 11), (16, 17), (22, 23), (28, 29))",not_run,not_run,9,9,4,"('C3', 'C3', 'C3', 'C3', 'P4', 'P4', 'P4', 'P4')"
one_fifth,1,1,50,10,n=5k+1-q,q`CG?C??G??@????g?O?D??SC@G?????D??A???g??A_G?H????????o???O???D????S?O?@G?????????E????A?????g????A_?_??HG?????G?????a?????GO????@@?????cA??????C?????GA?????K?_??????G?????G?_????@_@???????A?????@?@?????@_,"((0, 1), (2, 3), (4, 5), (6, 7), (8, 9), (10, 11), (12, 13), (18, 19), (24, 25), (30, 31))",not_run,not_run,10,9,4,"('C3', 'C3', 'C3', 'C5', 'P4', 'P4', 'P4', 'P4')"
one_fifth,1,2,54,11,n=5k+1-q,u`CGGC??G??@????_???@O?G??g??gA?c??????I??@???D???D?C?C_???????@_???G????g????g?G??c??????????K????@?????D?????D??O??Cc?????@?????@C?????CG?????GG?????GC?????C@?????`?G??????@??????_A?????B?A???????A??????_?_?????W?C????????_?????C?@??????W,"((0, 1), (2, 3), (4, 5), (6, 7), (8, 9), (10, 11), (12, 13), (14, 15), (20, 21), (26, 27), (32, 33))",not_run,not_run,11,9,4,"('C3', 'C3', 'C3', 'C7', 'P4', 'P4', 'P4', 'P4')"
one_fifth,1,3,58,12,n=5k+1-q,y`CGGC@?G??@????_???@?????I??O??S??D?C@G??????@O??A???A_???g?G?H?????????K????O????S????D??O?@G??????????@_????A?????A_?????g??_??HG??????_?????G_?????GO?????CC?????@?_?????GA??????_C?????@?C????A@?A???????@??????G?G?????B??_???????A??????G?A??????W?@?????????_?????@??C??????W,"((0, 1), (2, 3), (4, 5), (6, 7), (8, 9), (10, 11), (12, 13), (14, 15), (16, 17), (22, 23), (28, 29), (34, 35))",not_run,not_run,12,9,4,"('C3', 'C3', 'C3', 'C9', 'P4', 'P4', 'P4', 'P4')"
one_fifth,1,4,62,13,n=5k+1-q,}`CGGC@?G?_@????_???@?????G?????D??A???g??A_?_H????????g???O???D????S?@?@G?????????E????A?????g????A_?A??H????????????o?????O?????D??????S??C??@H??????@??????CO?????@A??????GG??????_O?????@?O?????@?G??????_A??????G?O?????@?@?????_C?A????????C??????G?A??????K??_????????G??????G??_?????@_?@?????????A??????@??@??????@_,"((0, 1), (2, 3), (4, 5), (6, 7), (8, 9), (10, 11), (12, 13), (14, 15), (16, 17), (18, 19), (24, 25), (30, 31), (36, 37))",not_run,not_run,13,9,4,"('C11', 'C3', 'C3', 'C3', 'P4', 'P4', 'P4', 'P4')"
one_fifth,2,0,76,15,n=5k+1-q,~?@K`?G?C??G??@????_???@?????I??O??S??DC?@G??????@O??A???A_???gG??H?????????K????O????S????D?O??@G??????????@_????A?????A_?????g?_???H?????????????G_?????O??????S??????D?@????@G??????????????@G??????A???????A_???????g?A?????H?????????????????H????????O????????S????????D??C?????@GO????????@????????@@????????B?_?????????O????????GA????????B?G??????????_????????G?_????????W?O??????????G????????@?@?????????W?C???????????O????????@??O????????B??G???????????C?????????G??_????????B,"((0, 1), (2, 3), (4, 5), (6, 7), (8, 9), (10, 11), (12, 13), (14, 15), (16, 17), (22, 23), (28, 29), (34, 35), (40, 41), (46, 47), (52, 53))",not_run,not_run,15,15,7,"('C3', 'C3', 'C3', 'C3', 'C3', 'C3', 'P4', 'P4', 'P4', 'P4', 'P4', 'P4', 'P4')"
one_fifth,2,1,80,16,n=5k+1-q,~?@O`?GGC??G??@????_???@?????G?????D??A???g??Aa??H????????g???O???D????S@??@G?????????E????A?????g????A_A???H????????????o?????O?????D??????S?C???@G?????????????CO?????A???????g??????A_?G????H????????????????c???????O???????D????????S??O????@G?????????????????C_???????A?????????g????????A_??_?????HA?????????A?????????__????????GC????????@?O????????c?_?????????@?????????G?_????????K?G??????????A?????????G?G????????@_?O???????????_????????@??O????????@_?C???????????@?????????@??C?????????K??G????????????O?????????G??G?????????K,"((0, 1), (2, 3), (4, 5), (6, 7), (8, 9), (10, 11), (12, 13), (14, 15), (16, 17), (18, 19), (24, 25), (30, 31), (36, 37), (42, 43), (48, 49), (54, 55))",not_run,not_run,16,15,7,"('C3', 'C3', 'C3', 'C3', 'C3', 'C5', 'P4', 'P4', 'P4', 'P4', 'P4', 'P4', 'P4')"
one_fifth,2,2,84,17,n=5k+1-q,~?@S`?GGC@?G??@????_???@?????G?????C??????I??@???D???DC??C_???????@O???G????g????g?_??c??????????K????@?????D?????D?@???C_???????????@_?????G??????g??????g?A????c??????????????G_?????@???????D???????D??C????C_???????????????@G???????G????????g????????g??G?????c??????????????????H????????@?????????D?????????D???O?????C`??????????O????????@@?????????CA?????????GA?????????G@?????????C?O????????`?A???????????O?????????_?_????????B??_???????????_?????????_?G?????????W?@????????????G?????????C??O?????????W??O????????????O?????????C??C?????????B???_????????????C??????????_??G?????????B,"((0, 1), (2, 3), (4, 5), (6, 7), (8, 9), (10, 11), (12, 13), (14, 15), (16, 17), (18, 19), (20, 21), (26, 27), (32, 33), (38, 39), (44, 45), (50, 51), (56, 57))",not_run,not_run,17,15,7,"('C3', 'C3', 'C3', 'C3', 'C3', 'C7', 'P4', 'P4', 'P4', 'P4', 'P4', 'P4', 'P4')"
one_fifth,2,3,88,18,n=5k+1-q,~?@W`?GGC@?G?_@????_???@?????G?????C??????G??????@O??A???A_???g_??H?????????I????O????S????D?@??@G??????????@_????A?????A_?????g?A???H?????????????K??????O??????S??????D??C???@G??????????????@C??????A???????A_???????g??G????H?????????????????H????????O????????S????????D???O????@G??????????????????@G????????A?????????A_?????????g???_?????HA??????????G?????????GG?????????GC?????????C@?????????@?G?????????G?_?????????_@?????????@?@????????A@??_???????????O?????????G?A?????????B??G????????????_?????????G??_?????????W??O????????????G?????????@??@??????????W??C?????????????O?????????@???O?????????B???G?????????????C??????????G???_?????????B,"((0, 1), (2, 3), (4, 5), (6, 7), (8, 9), (10, 11), (12, 13), (14, 15), (16, 17), (18, 19), (20, 21), (22, 23), (28, 29), (34, 35), (40, 41), (46, 47), (52, 53), (58, 59))",not_run,not_run,18,15,7,"('C3', 'C3', 'C3', 'C3', 'C3', 'C9', 'P4', 'P4', 'P4', 'P4', 'P4', 'P4', 'P4')"
one_fifth,2,4,92,19,n=5k+1-q,~?@[`?GGC@?G?_@?@??_???@?????G?????C??????G??????@????????g???O???D????SO??@G?????????D????A?????g????A_?G??H????????????o?????O?????D??????S??O??@G?????????????E??????A???????g??????A_??_???H????????????????a???????O???????D????????S??@????@G?????????????????C_???????A?????????g????????A_??A?????H????????????????????c?????????O?????????D??????????S???C?????@GO??????????O?????????CC?????????@?_?????????GA??????????_C?????????@?C?????????@?A??????????_?_?????????G?C?????????@??O????????_C??_???????????@??????????G??_?????????K??G????????????A??????????G??G?????????@_??O?????????????_?????????@???O?????????@_??C?????????????@??????????@???C??????????K???G??????????????O??????????G???G??????????K,"((0, 1), (2, 3), (4, 5), (6, 7), (8, 9), (10, 11), (12, 13), (14, 15), (16, 17), (18, 19), (20, 21), (22, 23), (24, 25), (30, 31), (36, 37), (42, 43), (48, 49), (54, 55), (60, 61))",not_run,not_run,19,15,7,"('C11', 'C3', 'C3', 'C3', 'C3', 'C3', 'P4', 'P4', 'P4', 'P4', 'P4', 'P4', 'P4')"
one_fifth,3,0,106,21,n=5k+1-q,~?@i`?G?C??G??@????_???@?????G?????C??????G??????@O??A???A_???g_??H?????????I????O????S????D?O??@G??????????@_????A?????A_?????g?_???H?????????????K??????O??????S??????D?@????@G??????????????@C??????A???????A_???????gG??????H?????????????????H????????O????????S????????D??O?????@G??????????????????@G????????A?????????A_?????????g??_??????H?????????????????????GG?????????O??????????S??????????D??@???????@G??????????????????????@A??????????A???????????A_???????????g??A????????H?????????????????????????GO???????????O????????????S????????????D???C????????@GC?????????????O???????????@?O???????????B?G?????????????C????????????G?_???????????B?A??????????????G????????????G?G????????????W?C??????????????A????????????@??O????????????W?@???????????????C????????????@??C????????????B??A???????????????@?????????????G??G????????????B???_???????????????A?????????????G??A?????????????W??@?????????????????_????????????@???C?????????????W,"((0, 1), (2, 3), (4, 5), (6, 7), (8, 9), (10, 11), (12, 13), (14, 15), (16, 17), (18, 19), (20, 21), (22, 23), (28, 29), (34, 35), (40, 41), (46, 47), (52, 53), (58, 59), (64, 65), (70, 71), (76, 77))",not_run,not_run,21,21,10,"('C3', 'C3', 'C3', 'C3', 'C3', 'C3', 'C3', 'C3', 'P4', 'P4', 'P4', 'P4', 'P4', 'P4', 'P4', 'P4', 'P4', 'P4')"
one_fifth,3,1,110,22,n=5k+1-q,~?@m`?G?C@?G??@????_???@?????G?????C??????G??????@????????g???O???D????SO??@G?????????D????A?????g????A_A???H????????????o?????O?????D??????S?C???@G?????????????E??????A???????g??????A_?G????H????????????????a???????O???????D????????SC??????@G?????????????????C_???????A?????????g????????A_?A??????H????????????????????c?????????O?????????D??????????S??C??????@G?????????????????????CC?????????A???????????g??????????A_??G???????H????????????????????????`???????????O???????????D????????????S???O???????@G?????????????????????????CG???????????A?????????????g????????????A_???_????????H?_?????????????_????????????_G????????????G@????????????@?C????????????c?G??????????????O????????????G?G????????????K?A???????????????_????????????G?A????????????@_?C???????????????G????????????@??C????????????@_?@????????????????O????????????@??@?????????????K??A????????????????C?????????????G??A?????????????K???_????????????????G?????????????G???_????????????@_??@?????????????????A?????????????@???@?????????????@_,"((0, 1), (2, 3), (4, 5), (6, 7), (8, 9), (10, 11), (12, 13), (14, 15), (16, 17), (18, 19), (20, 21), (22, 23), (24, 25), (30, 31), (36, 37), (42, 43), (48, 49), (54, 55), (60, 61), (66, 67), (72, 73), (78, 79))",not_run,not_run,22,21,10,"('C3', 'C3', 'C3', 'C3', 'C3', 'C3', 'C3', 'C5', 'P4', 'P4', 'P4', 'P4', 'P4', 'P4', 'P4', 'P4', 'P4', 'P4')"
one_fifth,3,2,114,23,n=5k+1-q,~?@q`?G?C@?G?_@????_???@?????G?????C??????G??????@????????_???????@O???G????g????g_???c??????????I????@?????D?????D?@???C_???????????@_?????G??????g??????g?A????c??????????????K??????@???????D???????D??C????C_???????????????@C???????G????????g????????gG???????c??????????????????H????????@?????????D?????????D??@??????C_???????????????????@G?????????G??????????g??????????g??A???????c??????????????????????GG?????????@???????????D???????????D???C???????C_???????????????????????@A???????????G????????????g????????????g???G????????c??????????????????????????GO???????????@?????????????D?????????????D????O????????C_O?????????????C????????????@?O????????????C?_????????????G?_????????????G?O????????????C?C????????????`??_??????????????C?????????????_?G????????????B??G???????????????G?????????????_?A?????????????W??O???????????????A?????????????C??C?????????????W??C????????????????C?????????????C??@?????????????B???G????????????????@??????????????_??A?????????????B???A?????????????????A??????????????_???_?????????????W???C??????????????????_?????????????C???@??????????????W,"((0, 1), (2, 3), (4, 5), (6, 7), (8, 9), (10, 11), (12, 13), (14, 15), (16, 17), (18, 19), (20, 21), (22, 23), (24, 25), (26, 27), (32, 33), (38, 39), (44, 45), (50, 51), (56, 57), (62, 63), (68, 69), (74, 75), (80, 81))",not_run,not_run,23,21,10,"('C3', 'C3', 'C3', 'C3', 'C3', 'C3', 'C3', 'C7', 'P4', 'P4', 'P4', 'P4', 'P4', 'P4', 'P4', 'P4', 'P4', 'P4')"
one_fifth,3,3,118,24,n=5k+1-q,~?@u`?G?C@?G?_@?@??_???@?????G?????C??????G??????@????????_???????@?????????I????O????S????DC???@G??????????@O????A?????A_?????g?A???H?????????????K??????O??????S??????D??C???@G??????????????@_??????A???????A_???????g??G????H?????????????????G_???????O????????S????????D@???????@G??????????????????@G????????A?????????A_?????????g??A??????H?????????????????????H??????????O??????????S??????????D???C??????@G??????????????????????@@??????????A???????????A_???????????g???G???????H?????????????????????????GO???????????O????????????S????????????D????O???????@G??????????????????????????@A????????????A?????????????A_?????????????g????_????????H?_?????????????A?????????????GA?????????????G@?????????????C?O????????????@?A?????????????G?G?????????????_?O????????????@??O???????????A@??G???????????????C?????????????G??_????????????B??A????????????????G?????????????G??G?????????????W??C????????????????A?????????????@???O?????????????W??@?????????????????C?????????????@???C?????????????B???A?????????????????@??????????????G???G?????????????B????_?????????????????A??????????????G???A??????????????W???@???????????????????_?????????????@????C??????????????W,"((0, 1), (2, 3), (4, 5), (6, 7), (8, 9), (10, 11), (12, 13), (14, 15), (16, 17), (18, 19), (20, 21), (22, 23), (24, 25), (26, 27), (28, 29), (34, 35), (40, 41), (46, 47), (52, 53), (58, 59), (64, 65), (70, 71), (76, 77), (82, 83))",not_run,not_run,24,21,10,"('C3', 'C3', 'C3', 'C3', 'C3', 'C3', 'C3', 'C9', 'P4', 'P4', 'P4', 'P4', 'P4', 'P4', 'P4', 'P4', 'P4', 'P4')"
one_fifth,3,4,122,25,n=5k+1-q,~?@y`?G?C@?G?_@?@??_?G?@?????G?????C??????G??????@????????_???????@?????????G?????????D????A?????g????Aa????H????????????g?????O?????D??????S??O??@G?????????????E??????A???????g??????A_??_???H????????????????o???????O???????D????????S??@????@G?????????????????CO???????A?????????g????????A__???????H????????????????????c?????????O?????????D??????????S???O?????@G?????????????????????C_?????????A???????????g??????????A_???_??????H????????????????????????__??????????O???????????D????????????S???@???????@G?????????????????????????CG???????????A?????????????g????????????A_???A????????H????????????????????????????`?????????????O?????????????D??????????????S????C????????@GC??????????????C?????????????C@?????????????@?G?????????????G?_?????????????_@?????????????@?@?????????????@??_?????????????_?G?????????????G?@?????????????@??C????????????_C??G????????????????O?????????????G??G?????????????K??A?????????????????_?????????????G??A?????????????@_??C?????????????????G?????????????@???C?????????????@_??@??????????????????O?????????????@???@??????????????K???A??????????????????C??????????????G???A??????????????K????_??????????????????G??????????????G????_?????????????@_???@???????????????????A??????????????@????@??????????????@_,"((0, 1), (2, 3), (4, 5), (6, 7), (8, 9), (10, 11), (12, 13), (14, 15), (16, 17), (18, 19), (20, 21), (22, 23), (24, 25), (26, 27), (28, 29), (30, 31), (36, 37), (42, 43), (48, 49), (54, 55), (60, 61), (66, 67), (72, 73), (78, 79), (84, 85))",not_run,not_run,25,21,10,"('C11', 'C3', 'C3', 'C3', 'C3', 'C3', 'C3', 'C3', 'P4', 'P4', 'P4', 'P4', 'P4', 'P4', 'P4', 'P4', 'P4', 'P4')"
