n,m,mu,runtime_seconds,recursion_nodes,zero_defect_nodes,greedy_upper_bound,search_mode
16,24,3,0.0012989950000701356,4,4,,zero-defect-domination
26,39,5,0.001766589999988355,10,10,,zero-defect-domination
36,54,7,0.004870892999861098,13,13,,zero-defect-domination
46,69,9,0.05229290299985223,19,19,,zero-defect-domination
56,84,11,0.009089274999951158,21,21,,zero-defect-domination
66,99,13,0.008224958000027982,24,24,,zero-defect-domination
76,114,15,0.01108564900005149,26,26,,zero-defect-domination
86,129,17,0.013693923000118957,33,33,,zero-defect-domination
96,144,19,0.016923021000366134,40,40,,zero-defect-domination
106,159,21,0.020387550999657833,51,51,,zero-defect-domination
116,174,23,0.02497473199991873,70,70,,zero-defect-domination
126,189,25,0.02889752300006876,96,96,,zero-defect-domination
136,204,27,0.03194793600005141,127,127,,zero-defect-domination
146,219,29,0.037142290999781835,163,163,,zero-defect-domination
156,234,31,0.041877423000187264,207,207,,zero-defect-domination
166,249,33,0.05013637199999721,257,257,,zero-defect-domination
176,264,35,0.06067588699988846,313,313,,zero-defect-domination
186,279,37,0.06906875500044407,388,388,,zero-defect-domination
196,294,39,0.091144919999806,501,501,,zero-defect-domination
246,369,49,0.20903874400028144,1709,1709,,zero-defect-domination
296,444,59,0.5341376530000161,4891,4891,,zero-defect-domination
396,594,79,4.583023394000065,40240,40240,,zero-defect-domination
