family,case,n,m,mu,repeats,solver_b_median_seconds,solver_c_median_seconds,median_speedup_b_over_c,solver_b_times,solver_c_times,solver_b_complete_candidates,solver_c_complete_candidates,solver_c_recursion_nodes
equality,equality_n16,16,24,3,3,0.0064019139999800245,0.0012063659996783827,5.306775888649693,"[0.006878242999846407, 0.0064019139999800245, 0.006173713999942265]","[0.0012063659996783827, 0.0012285200000405894, 0.0011147810000693426]",883,1,4
equality,equality_n18,18,27,4,3,0.027504568999574985,0.007785224000144808,3.532919412346182,"[0.028246202999980596, 0.027504568999574985, 0.027369989000362693]","[0.008088144999874203, 0.007785224000144808, 0.007735959999990882]",4187,402,984
equality,equality_n20,20,30,4,3,0.03364800700001069,0.007371998000053281,4.564299529078481,"[0.037511871000333485, 0.03343082399987907, 0.03364800700001069]","[0.00767251600018426, 0.007255694999912521, 0.007371998000053281]",5113,306,819
equality,equality_n22,22,33,5,3,0.25904859799993574,0.011862205000397807,21.838148808863814,"[0.25904859799993574, 0.25725593799961644, 0.26057356899991646]","[0.01191055699973731, 0.011862205000397807, 0.01156000499986476]",32219,610,1343
equality,equality_n24,24,36,5,3,0.3933416530003342,0.03796207200002755,10.361437937319353,"[0.39333151799974075, 0.4000162420002198, 0.3933416530003342]","[0.03796207200002755, 0.03712405400028729, 0.04214314800037755]",49072,1612,4783
equality,equality_n26,26,39,5,3,0.5618774320000739,0.0022759489997952187,246.87610840604492,"[0.5615124280002419, 0.5649119300001075, 0.5618774320000739]","[0.002319895000255201, 0.0022759489997952187, 0.0022303609998743923]",68593,1,10
equality,equality_n28,28,42,6,3,4.2717382929999985,0.42753081699993345,9.99165001244966,"[4.2717382929999985, 4.331226069999957, 4.258481615999699]","[0.4288093810000646, 0.4172693049999907, 0.42753081699993345]",400645,14084,59672
random,random_n16_s0,16,24,4,3,0.00677445799965426,0.0015237090001392062,4.44603136099829,"[0.006780427000194322, 0.00677445799965426, 0.006744012999661209]","[0.0015755170002194063, 0.0015225969996208732, 0.0015237090001392062]",1183,7,33
random,random_n18_s0,18,27,5,3,0.03353088399990156,0.01495290799994109,2.2424323081526123,"[0.03353088399990156, 0.03333209699985673, 0.0367782339999394]","[0.014663337000001775, 0.01495290799994109, 0.01574945399988792]",5247,834,2019
random,random_n20_s0,20,30,5,3,0.07345301399982418,0.013036133000241534,5.634570773285547,"[0.07345301399982418, 0.07540949699978228, 0.07060794700009865]","[0.012971727000149258, 0.013105597000048874, 0.013036133000241534]",11510,372,1628
random,random_n22_s0,22,33,5,3,0.30076585200004047,0.0699589199998627,4.299178031916884,"[0.30214218199989773, 0.30076585200004047, 0.30074629199998526]","[0.07139229599988539, 0.0699589199998627, 0.06893600800003696]",42568,2472,7515
random,random_n24_s0,24,36,6,3,0.6637159860001702,0.16325447400004123,4.065530148962427,"[0.6816285959998822, 0.6623294119999628, 0.6637159860001702]","[0.16325447400004123, 0.16600770400009424, 0.1613332330002777]",92101,4431,19066
counterexample,counterexample_0,16,24,3,3,0.006495694000022922,0.0012185450000288256,5.330696855568947,"[0.006222365999747126, 0.006495694000022922, 0.006541432000176428]","[0.001293245999931969, 0.0012185450000288256, 0.0012171030002718908]",878,1,4
counterexample,counterexample_1,16,24,3,3,0.006397467000169854,0.001215770000271732,5.262070127359601,"[0.006397467000169854, 0.00686103699990781, 0.006350156999815226]","[0.0018994290003320202, 0.0012050850000377977, 0.001215770000271732]",828,1,4
counterexample,counterexample_2,16,24,3,3,0.007191689000137558,0.0012283390001357475,5.854807996280165,"[0.007191689000137558, 0.007141976000184513, 0.007347911999659118]","[0.0012283390001357475, 0.001246705999619735, 0.0011747799999284325]",928,1,4
counterexample,counterexample_3,16,24,3,3,0.0069883569999547035,0.0012369420001050457,5.649704674399629,"[0.006980754999858618, 0.007102247000148054, 0.0069883569999547035]","[0.0012121350000597886, 0.001707763000013074, 0.0012369420001050457]",910,1,4
