family,case,n,m,mu,solver_b_seconds,solver_c_seconds,speedup_b_over_c,solver_b_complete_candidates,solver_b_forest_tests,solver_c_complete_candidates,solver_c_recursion_nodes,solver_c_defect_budget_first,solver_c_greedy_upper_bound
standard,K4,4,6,1,0.0004525240000248232,0.0005899679999856744,0.7670314322739731,2,2,1,2,0,1
standard,K33,6,9,1,0.0003466869999328992,0.00033803300004819903,1.0256010504402417,2,5,1,2,0,1
standard,cube,8,12,2,0.0003459650000650072,0.00037173300006543286,0.9306814299621234,14,26,1,3,1,2
standard,Petersen,10,15,3,0.0006694770000876815,0.0007295860000340326,0.917612180135656,92,191,76,95,1,3
standard,prism10,10,15,3,0.0005711600000495309,0.0006971880000037345,0.8192338365641284,82,149,66,85,1,3
standard,prism12,12,18,3,0.0009742710000182342,0.004067657000064173,0.23951650790685244,125,233,1,4,2,4
equality,equality_n14,14,21,3,0.003742824000028122,0.0017045580000285554,2.195773919083669,542,1207,195,264,2,5
equality,equality_n16,16,24,3,0.006472338999969907,0.05211861400005091,0.1241847874151754,883,2137,57,85,0,5
equality,equality_n18,18,27,4,0.02839187999995829,0.008577043000059348,3.3102177521742444,4187,9313,1673,2423,3,6
equality,equality_n20,20,30,4,0.03421243799994045,0.011673793999989357,2.9307042766020746,5113,11081,2594,3879,1,6
equality,equality_n22,22,33,5,0.25878941200005556,0.013800822000007429,18.751738990613475,32219,73429,2407,3435,4,7
equality,equality_n24,24,36,5,0.39215816000000814,0.06816313599995283,5.753229428884838,49072,108909,14461,21589,2,8
equality,equality_n26,26,39,5,0.5583320619999768,0.03965421199995944,14.080019091050096,68593,155244,8136,14655,0,8
equality,equality_n28,28,42,6,4.359241761000021,0.8657540560000143,5.035196463463001,400645,934382,179663,298041,3,9
equality,equality_n30,30,45,6,8.222940290999986,0.7508972629999562,10.95081936794923,763288,1695131,162688,289236,1,9
random,random_n14_s0,14,21,3,0.0017737420000685233,0.0018583369999305432,0.95447811679734,233,500,223,286,2,5
random,random_n14_s1,14,21,3,0.0031532250000054773,0.0010264989999768659,3.07182471690332,497,992,20,26,2,4
random,random_n16_s0,16,24,4,0.0073764549999850715,0.0021828010000035647,3.3793529506230873,1183,2515,254,438,0,5
random,random_n16_s1,16,24,4,0.006593187999897054,0.0022016589999793723,2.9946454014717205,1171,2441,312,506,0,5
random,random_n18_s0,18,27,5,0.03498844299997472,0.016877272999977322,2.073109974580712,5247,11287,3511,5122,3,5
random,random_n18_s1,18,27,4,0.025542271999938748,0.0038842050000766903,6.5759330414935455,4166,8619,569,808,3,5
random,random_n20_s0,20,30,5,0.07551559499995619,0.017569883999954072,4.298013293665091,11510,23080,3656,5862,1,6
random,random_n20_s1,20,30,5,0.060855473999936294,0.015313955000010537,3.973857439171946,10322,19937,3524,5858,1,6
random,random_n22_s0,22,33,5,0.31390276000001904,0.10416395900006137,3.0135448288772713,42568,85348,19807,28806,4,7
random,random_n22_s1,22,33,6,0.3853127460000678,0.19475462299999435,1.9784523728614083,51103,106215,33156,48331,4,7
random,random_n24_s0,24,36,6,0.6774826670000493,0.192164455000011,3.5255358073375773,92101,180047,36360,60342,2,8
random,random_n24_s1,24,36,6,0.7492393249999623,0.18800851699995746,3.9851350191764543,99618,195565,37153,60301,2,8
counterexample,counterexample_0,16,24,3,0.012295770999912747,0.00137798200000816,8.923027296321676,878,2206,55,82,0,5
counterexample,counterexample_1,16,24,3,0.007401576999995996,0.0020110250000016094,3.680499745149897,828,2097,150,221,0,5
counterexample,counterexample_2,16,24,3,0.009315923000031034,0.0016641389998994782,5.59804379357359,928,2470,153,224,0,5
counterexample,counterexample_3,16,24,3,0.0070443600000089646,0.0014466549999951894,4.869412541367769,910,2404,106,145,0,4
