family,case,n,mu,variant,defect_budget,found,seconds,nodes,complete,rigid_prunes
equality,eq22,22,5,full,4,True,0.013783275999912803,1865,770,446
equality,eq22,22,5,no_rigid,4,True,0.020122956000022896,5413,3763,0
equality,eq22,22,5,no_defect_budget,4,True,0.013837906999924598,1865,770,446
equality,eq22,22,5,interaction_only,4,True,0.0206135670000549,5413,3763,0
equality,eq24,24,5,full,2,True,0.014152134999903865,1817,667,528
equality,eq24,24,5,no_rigid,2,True,0.026659049999807394,9255,6295,0
equality,eq24,24,5,no_defect_budget,4,True,0.01823502499996721,2222,769,705
equality,eq24,24,5,interaction_only,4,True,0.042951852999976836,13736,9941,0
equality,eq26,26,5,full,0,True,0.006093534000001455,985,1,559
equality,eq26,26,5,no_rigid,0,True,0.021424514000045747,8043,4287,0
equality,eq26,26,5,no_defect_budget,4,True,0.017698406000135947,1826,15,1213
equality,eq26,26,5,interaction_only,4,True,0.11164833299994825,41442,30711,0
equality,eq28,28,6,full,3,True,0.44227952000005644,64143,14576,20480
equality,eq28,28,6,no_rigid,3,True,0.9343577780000487,323311,194352,0
equality,eq28,28,6,no_defect_budget,5,True,0.4617051979998905,64759,14843,20791
equality,eq28,28,6,interaction_only,5,True,1.0091693199999554,343796,213844,0
random,rnd22,22,5,full,4,True,0.011607885999865175,1499,736,352
random,rnd22,22,5,no_rigid,4,True,0.013214929000014308,3628,2599,0
random,rnd22,22,5,no_defect_budget,4,True,0.010880042000053436,1499,736,352
random,rnd22,22,5,interaction_only,4,True,0.013993710000022475,3628,2599,0
random,rnd24,24,6,full,5,True,0.0007413740001993574,48,19,14
random,rnd24,24,6,no_rigid,5,True,0.0006872930000554334,113,84,0
random,rnd24,24,6,no_defect_budget,5,True,0.0006225770000582997,48,19,14
random,rnd24,24,6,interaction_only,5,True,0.0007161359999372507,113,84,0
