canonical_graph6,genreg_index,geng_index,publication_index
Ks???kUR@SL?,65,1,1
Ks???wYP`KL?,82,4,4
Ks??GkUQ@Ol?,1,26,26
Ks??GoXP`KL?,8,27,27
Ks??IOkE_kKG,27,25,25
Ks??Oo[P`KKG,77,6,6
Ks??WGRDROL?,24,19,19
Ks??WXKG_am?,64,10,10
Ks??WoSGiWKG,74,36,36
Ks?A@CTEaWD_,81,37,37
Ks?A@SUH?oh_,83,12,12
Ks?AACiDOwD_,48,48,48
Ks?APKSEAGdC,84,59,59
Ks?APKWEAGcc,78,53,53
Ks?GGGRCrOL?,63,0,0
Ks?GGORHQcL?,72,35,35
Ks?GG`HI_kKG,37,23,23
Ks?GGcQIIIL?,67,11,11
Ks?GGoSGiSKG,69,52,52
Ks?GGoWGiKKG,56,14,14
Ks?GIOgCgkKG,28,63,63
Ks?GOGRHQcL?,46,40,40
Ks?GOGUERCKG,66,15,15
Ks?GOGUIQcKG,71,5,5
Ks?GOGYDRCKG,49,29,29
Ks?GOGYHQcKG,31,28,28
Ks?GOG[CrCKG,42,9,9
Ks?GOGbDQcL?,50,41,41
Ks?GOGeEQcKG,68,38,38
Ks?GOGiDQcKG,59,30,30
Ks?GOKXDb?K@,3,31,31
Ks?GOKYDR?K@,2,69,69
Ks?GOKbFB?I@,23,49,49
Ks?GOObDRCI_,70,2,2
Ks?GOOdCrCI_,73,3,3
Ks?GO_XP`KKG,41,47,47
Ks?GOcSPPDL?,80,56,56
Ks?GOgQPPDL?,45,77,77
Ks?GOgSOpDL?,79,54,54
Ks?GOgTO`Cl?,17,81,81
Ks?GOoSGiKKG,76,39,39
Ks?GOoUP@CkG,75,45,45
Ks?GW?RFBAKG,7,8,8
Ks?GW?RJAaKG,18,22,22
Ks?GWGPGqoKC,39,46,46
Ks?GWO`CZCI_,57,44,44
Ks?GWObDR?I@,22,42,42
Ks?GW_XP@CkG,40,50,50
Ks?GW`@ChWKG,21,32,32
Ks?GWgQGQ@l?,54,57,57
Ks?GY?PGgwKG,10,80,80
Ks?GY?`CgwKG,5,65,65
Kt??GKJQAWEA,4,78,78
Kt??OL@P_wDC,47,60,60
Kt??OT@P_wCc,44,73,73
Kt??OX@P_sCc,55,72,72
Kt??WP@P_qCc,51,74,74
Kt?G?CFR?eL?,15,51,51
Kt?G?DHP_qCo,60,55,55
Kt?G?DIPOqCo,62,58,58
Kt?G?DKOoqCo,61,66,66
Kt?G?KEQIEF?,11,33,33
Kt?G?SFOaWEA,6,83,83
Kt?GGGBQGeL?,32,16,16
Kt?GGGBQIEF?,12,18,18
Kt?GGHBOpOB@,26,7,7
Kt?GGLAOOpDA,43,76,76
Kt?GGLAOXOB@,25,71,71
Kt?GGX?OopCS,34,61,61
Kt?GGX@O_sCE,33,20,20
Kt?GO@BR?eCg,52,24,24
Kt?GO@HP`IAW,53,13,13
Kt?GOGBPIEF?,20,64,64
Kt?GOGBPQDF?,19,82,82
Kt?GOHAOWsCg,58,75,75
Kt?GOK@OghL?,35,21,21
Kt?GOKEOGal?,30,17,17
Kt?GOKEOQ@f?,16,34,34
Kt?GOKFOAOeA,0,79,79
Kt?GWC@DIBL?,36,70,70
Kt?GWC@PGbL?,38,62,62
Kt?GWCDOGal?,29,43,43
Kt?GWK@OG`l?,13,67,67
Kt?GWK@OI@f?,14,84,84
Kv?GWCK?P@gI,9,68,68
